source_file,ui_router_state,url,controller
public/js/custom-states.js,app..doctorappointment,/doctorappointment,doctorAppointmentsController
public/js/custom-states.js,app.Worklists,/Worklists,fileworklistsController
public/js/custom-states.js,app.abnormallabresults,/abnormallabresults,AbnormalResultController
public/js/custom-states.js,app.abnormalresultreview,/abnormallabresults,AbnormalReviewFormController
public/js/custom-states.js,app.activeusers,/activeusers,activeUserListController
public/js/custom-states.js,app.aebilling,/aebilling,aebillingListController
public/js/custom-states.js,app.aepatientlist,/AccidentEmergency,aepatientListController
public/js/custom-states.js,app.aeregistrationtab,/A&ERegistration/:id,aepatientTabController
public/js/custom-states.js,app.aeregistrationtab.aeregistration,/AccidentEmergency,aepatientRegistrationController
public/js/custom-states.js,app.aeregistrationtab.mlc,/AccidentEmergency,mlcFormController
public/js/custom-states.js,app.apptqmsdisplay,/apptqmsdisplay,AppttokenController
public/js/custom-states.js,app.assetdashboard,/Assetdashboard,assetDashboardController
public/js/custom-states.js,app.assignments,/assignments/:tp,AssignmentListController
public/js/custom-states.js,app.bedtransferreport,/bedtransferreport,BedTransferReportController
public/js/custom-states.js,app.birthcertificate,/birthcertificate/:id,birthcertificateFormController
public/js/custom-states.js,app.birthcertificates,/birthcertificate:id,birthcertificateListController
public/js/custom-states.js,app.cancelreport,/cancelreport,CancelReportController
public/js/custom-states.js,app.cardmaster,/cardmasters,cardMasterListController
public/js/custom-states.js,app.cashcounter,/cashcounter,CashCounterController
public/js/custom-states.js,app.casualty,/masscasualty,massCasualtyController
public/js/custom-states.js,app.checklist,/CheckList,checklistController
public/js/custom-states.js,app.checklist-form,/ClaimCheckList/:id,checklistFormController
public/js/custom-states.js,app.citymaster,/citymasters,cityMasterListController
public/js/custom-states.js,app.claimmanagement-listtab,/claimmanagement-listtab/:id,claimManagementTabController
public/js/custom-states.js,app.claimmanagement-listtab.newreceipts,/newreceipts,newReceiptformListController
public/js/custom-states.js,app.claimmanagement-listtab.receivedreceipts,/receivedreceipts,receivedreceiptsListController
public/js/custom-states.js,app.claimprocess,/claimprocess,claimprocessController
public/js/custom-states.js,app.claimprocessform,/claimprocessform,claimprocessFormController
public/js/custom-states.js,app.claimsubmission-form,/ClaimSubmissionform/:id,claimsubmissionFormController
public/js/custom-states.js,app.claimsubmission-list,/ClaimSubmissionlist,claimsubmissionController
public/js/custom-states.js,app.clinicalfindings,/clinicalfindings,ClinicalFindingListController
public/js/custom-states.js,app.clinicalmanagement,/clinicaldecisionmanagement,ClinicalListController
public/js/custom-states.js,app.clinicalmanagements,/clinicaldecisionmanagements/:id,ClinicalFormController
public/js/custom-states.js,app.collectionreportbyusers,/collectionreportbyusers,CollectionReportByUsersController
public/js/custom-states.js,app.collectionreports,/collectionreports,CollectionReportController
public/js/custom-states.js,app.costs,/costs,costListController
public/js/custom-states.js,app.costtab,/costtab/:id,costTabController
public/js/custom-states.js,app.costtab.consumables,/consumables,consumablesListController
public/js/custom-states.js,app.costtab.details,/details,costFormController
public/js/custom-states.js,app.costtab.labourcosts,/labourcosts,labourCostListController
public/js/custom-states.js,app.costtab.notionalrents,/notionalrents,notionalrentListController
public/js/custom-states.js,app.costtab.powercosts,/powercosts,powerCostListController
public/js/custom-states.js,app.countrymaster,/countrymasters,countryMasterListController
public/js/custom-states.js,app.currentinpatient,/inpatient,currentinpatientsController
public/js/custom-states.js,app.currentinpatients,/currentinpatients,currentinpatientsListController
public/js/custom-states.js,app.dailybillreports,/dailybillreports,DailybillReportController
public/js/custom-states.js,app.dashboardtab,/dashboard,dashboardTabController
public/js/custom-states.js,app.dashboardtab.dashboard,/dashboard,dashboardFormController
public/js/custom-states.js,app.dashboardtab.inventorydashboard,/inventorydashboard,inventorydashboardFormController
public/js/custom-states.js,app.deathcertificate,/deathcertificate:id,deathcertificateFormController
public/js/custom-states.js,app.deathcertificates,/deathcertificate:id,deathcertificateListController
public/js/custom-states.js,app.diagnosiscoding,/diagnosiscoding,diagnosiscodingsController
public/js/custom-states.js,app.diagnosisform,/diagnosisform,diagnosisFormController
public/js/custom-states.js,app.dietdashboard,/dietdashboard/:tp,dietdashboardController
public/js/custom-states.js,app.dietmultipleorders,/dietmultipleorders,dietMultipleordersController
public/js/custom-states.js,app.dischargesummary-form,/dischargesummary-form/:id,dischargesummaryFormController
public/js/custom-states.js,app.dischargesummarys,/dischargesummarys,dischargesummaryListController
public/js/custom-states.js,app.discountreports,/discountreports,DiscountReportController
public/js/custom-states.js,app.displayboard,/displayboard,displayboardsController
public/js/custom-states.js,app.districtmaster,/districtmasters,districtMasterListController
public/js/custom-states.js,app.doctordisplay,/doctordisplay,doctordisplayListController
public/js/custom-states.js,app.doctorlistreport,/doctorlistreport,DoctorListReportController
public/js/custom-states.js,app.doctorprescription,/doctorprescription,prescriptionsController
public/js/custom-states.js,app.doctorsprescription-form,/doctorsprescription/,DoctorprescriptionFormController
public/js/custom-states.js,app.dummyvisits,/additionalvisittab,dummyVisittabController
public/js/custom-states.js,app.dummyvisits.additionaliplaborder,/additionaliplaborder,dummyIPLabOrderController
public/js/custom-states.js,app.dummyvisits.additionalipvisit,/additionalipvisit,dummyIPVisitsController
public/js/custom-states.js,app.dummyvisits.additionalopvisit,/additionalopvisit,dummyOPVisitsController
public/js/custom-states.js,app.endodashboard,/dashboard/:tp,DashboardController
public/js/custom-states.js,app.endoscopyresultreview,/endoscopyresults,EndoscopyResultReviewController
public/js/custom-states.js,app.endoscopyresultreview-form,/endoscopyresults,EndoscopyResultreviewFormController
public/js/custom-states.js,app.erptab,/erpintegration,erpTabController
public/js/custom-states.js,app.erptab.inbound,/inbound,inboundListController
public/js/custom-states.js,app.erptab.outbound,/outbound,outboundListController
public/js/custom-states.js,app.eventdashboardtab,/eventdashboard,eventdashboardTabController
public/js/custom-states.js,app.eventdashboardtab.inboundall,/inboundall,inboundAllListController
public/js/custom-states.js,app.eventdashboardtab.inbounderror,/inbounderror,inboundErrorListController
public/js/custom-states.js,app.eventdashboardtab.inboundignored,/inboundignored,inboundIgnoreListController
public/js/custom-states.js,app.eventdashboardtab.outboundall,/outboundall,outboundAllListController
public/js/custom-states.js,app.eventdashboardtab.outbounderror,/outbounderror,outboundErrorListController
public/js/custom-states.js,app.eventdashboardtab.outboundignored,/outboundignored,outboundIgnoreListController
public/js/custom-states.js,app.facilitytab.billingsetting,/billingsetting,billingSettingFormController
public/js/custom-states.js,app.facilitytab.billsetting,/billsetting,billsettingFormController
public/js/custom-states.js,app.facilitytab.generalsetting,/generalsetting,generalsettingFormController
public/js/custom-states.js,app.facilitytab.holidaysetting,/holidaysetting,facilityHolidayListController
public/js/custom-states.js,app.facilitytab.printsetting,/printsetting,printsettingFormController
public/js/custom-states.js,app.facilitytab.smssetting,/ smssetting,smssettingFormController
public/js/custom-states.js,app.facilitytab.smssettings,/smssettings,smssettingsFormController
public/js/custom-states.js,app.feedbackmasters,/feedbackmasters,feedbackListController
public/js/custom-states.js,app.fileissues,/fileissues,FileReceiveController
public/js/custom-states.js,app.filerequest,/filerequest,filerequestController
public/js/custom-states.js,app.filetransfer,/filetransfer,FileTransferController
public/js/custom-states.js,app.fitnesscertificate,/fitnesscertificate/:id,FitnessFormController
public/js/custom-states.js,app.generalboard,/generalboard,generalboardsController
public/js/custom-states.js,app.generaldisplay,/generaldisplay,generaldisplayListController
public/js/custom-states.js,app.genericmasterreport,/genericmasterreport,GenericMasterReportController
public/js/custom-states.js,app.grnreport,/grnreport,GRNReportController
public/js/custom-states.js,app.grnreportbyitem,/grnreportbyitem,GrnReportByItemController
public/js/custom-states.js,app.impressionmaster,/impressionmaster,ImpressionMasterListController
public/js/custom-states.js,app.inactivepatientreport,/inactivepatientreport,InActivePatientReportController
public/js/custom-states.js,app.indications,/indications,indicationListController
public/js/custom-states.js,app.insurancelistreport,/insurancelistreport,InsuranceListReportController
public/js/custom-states.js,app.inventorydashboard,/inventorydashboard/:tp,inventorydashboardController
public/js/custom-states.js,app.invoicesummarybysupplier,/invoicesummarybysupplier,InvoiceSummaryBySupplierController
public/js/custom-states.js,app.ipadmissioninsurancereport,/ipadmissioninsurancereport,IPAdmissionInsuranceReportController
public/js/custom-states.js,app.ipadmissionreport,/ipadmissionreport,IPAdmissionReportController
public/js/custom-states.js,app.ipdischargereport,/ipdischargereport,IPDischargeReportController
public/js/custom-states.js,app.ipoccupancybyward,/ipoccupancybyward,IPOccupancyByWardController
public/js/custom-states.js,app.ipoccupancyreport,/ipoccupancyreport,IPOccupancyReportController
public/js/custom-states.js,app.ipopreports,/ipopreports,ipopReportController
public/js/custom-states.js,app.ippharmacyissuevoucherreport,/ippharmacyissuevoucherreport,IPPharmacyIssueVoucherReportController
public/js/custom-states.js,app.ippharmacyreturnvoucherreport,/ippharmacyreturnvoucherreport,IPPharmacyReturnVoucherReportController
public/js/custom-states.js,app.ipreferraldoctorreport,/ipreferraldoctorreport,IPReferralDoctorReportController
public/js/custom-states.js,app.ipserviceitemreport,/ipserviceitemreport,IPserviceItemReportController
public/js/custom-states.js,app.itemmasterreport,/itemmasterreport,ItemMasterReportController
public/js/custom-states.js,app.itemreorderlistreport,/itemreorderlistreport,ItemReorderListReportController
public/js/custom-states.js,app.labresultreview-form,/labresults,LabResultReviewFormController
public/js/custom-states.js,app.labresultreviews,/labresults,LabResultReviewController
public/js/custom-states.js,app.labsummaryreports,/labsummaryreports,LabsummaryReportController
public/js/custom-states.js,app.lisdashboard,/dashboard/:tp,DashboardController
public/js/custom-states.js,app.manageevent,/manageevent,ManageeventListController
public/js/custom-states.js,app.manageevents,/manageevents/:id,ManageeventFormController
public/js/custom-states.js,app.manufacturermasterreport,/manufacturermasterreport,ManufacturerMasterReportController
public/js/custom-states.js,app.medicalfitness,/medicalfitness,FitnessCertificateListController
public/js/custom-states.js,app.medicineexpiredreport,/medicineexpiredreport,MedicineExpiredReportController
public/js/custom-states.js,app.medicineexpiryreport,/medicineexpiryreport,MedicineExpiryReportController
public/js/custom-states.js,app.mrdfileassignment,/mrdfileassignment,MrdFileAssignmentController
public/js/custom-states.js,app.mrdfilestatus,/mrdfilestatus,MrdFileStatusController
public/js/custom-states.js,app.mrdfileupload,/mrdfileupload,MRDFileUploadListController
public/js/custom-states.js,app.mrdreceive,/mrdreceive,ReceiveatMrdController
public/js/custom-states.js,app.newticket,/newticket,newticketController
public/js/custom-states.js,app.occupation,/occupationmasters,occupationListController
public/js/custom-states.js,app.opddashboard,/opddashboard,OpddashboardController
public/js/custom-states.js,app.openingstockentryreport,/openingstockentryreport,OpeningStockEntryReportController
public/js/custom-states.js,app.opreferraldoctorreport,/opreferraldoctorreport,OPReferralDoctorReportController
public/js/custom-states.js,app.opserviceitemreport,/opserviceitemreport,OPserviceItemReportController
public/js/custom-states.js,app.otconfirmationform,/otconfirmationform/:id,otconfirmFormController
public/js/custom-states.js,app.otdoctornotes,/otdoctornotes,OtNoteReviewController
public/js/custom-states.js,app.otdoctornotes-form,/otdoctornotesreview,OtDetailReviewController
public/js/custom-states.js,app.otregistertab,otregistertab/:id,otregisterTabController
public/js/custom-states.js,app.otregistertab.anesthesiannote,otregistertab/anesthesiannote:id,AnesthesianNoteController
public/js/custom-states.js,app.otregistertab.documents,otregistertab/documents:id,otDocumentController
public/js/custom-states.js,app.otregistertab.equipmentsused,otregistertab/equipmentsused:id,EquipmentUsedController
public/js/custom-states.js,app.otregistertab.materialissue,/materialissue/:id,materialIssueFormController
public/js/custom-states.js,app.otregistertab.materialissues,otregistertab/materialissues:id,materialIssueListController
public/js/custom-states.js,app.otregistertab.materialrequest,/materialrequest/:id,materialRequestFormController
public/js/custom-states.js,app.otregistertab.materialrequests,otregistertab/materialrequests:id,materialRequestListController
public/js/custom-states.js,app.otregistertab.materialreturn,/materialreturn/:id,materialReturnFormController
public/js/custom-states.js,app.otregistertab.materialreturns,otregistertab/materialreturns:id,materialReturnListController
public/js/custom-states.js,app.otregistertab.otnotes,otregistertab/otnotes:id,otconsultationController
public/js/custom-states.js,app.otregistertab.otregister,otregistertab/otdetails:id,otregisterFormController
public/js/custom-states.js,app.otregistertab.surgicalnote,otregistertab/surgicalnote:id,SurgicalNoteController
public/js/custom-states.js,app.otrequest,/otrequest/:id,otrequestFormController
public/js/custom-states.js,app.otrequests,/otrequests,otrequestListController
public/js/custom-states.js,app.otworklists,/OTWorklists,otworkListController
public/js/custom-states.js,app.outpatientreport,/outpatientreport,OutPatientReportController
public/js/custom-states.js,app.outpatientsummaryreport,/outpatientsummaryreport,OutPatientSummaryReportController
public/js/custom-states.js,app.outstandingreports,/outstandingreports,OutstandingReportController
public/js/custom-states.js,app.patientlistreports,/patientlistreports,PatientListReportController
public/js/custom-states.js,app.pendingdischarges,/pendingdischarges,pendingdischargesController
public/js/custom-states.js,app.pendingporeport,/pendingporeport,PendingPOReportController
public/js/custom-states.js,app.pharmacybilldetailreport,/pharmacybilldetailreport,PharmacyBillDetailReportController
public/js/custom-states.js,app.pharmacycardcollectionreport,/pharmacycardcollectionreport,PharmacyCardCollectionReportController
public/js/custom-states.js,app.pharmacycollectionreport,/pharmacycollectionreport,PharmacyCollectionReportController
public/js/custom-states.js,app.pharmacycollectionsummarycashier,/pharmacycollectionsummarycashier,PharmacyCollectionSummaryCashierController
public/js/custom-states.js,app.pharmacycollectionsummaryreport,/pharmacycollectionsummaryreport,PharmacyCollectionSummaryReportController
public/js/custom-states.js,app.pharmacydiscountreport,/pharmacydiscountreport,PharmacyDiscountReportController
public/js/custom-states.js,app.pharmacyduereport,/pharmacyduereport,PharmacyDueReportController
public/js/custom-states.js,app.pharmacyrefundreport,/pharmacyrefundreport,PharmacyRefundReportController
public/js/custom-states.js,app.pharmacyreturnreport,/pharmacyreturnreport,PharmacyReturnReportController
public/js/custom-states.js,app.pharmacyreturnreportforotc,/pharmacyreturnreportforotc,PharmacyReturnReportforOTCController
public/js/custom-states.js,app.pharmacyschedulereport,/pharmacyschedulereport,PharmacyScheduleReportController
public/js/custom-states.js,app.pharmacyschedulexreport,/pharmacyschedulexreport,PharmacyScheduleXReportController
public/js/custom-states.js,app.pharmacystockreport,/pharmacystockreport,PharmacyStockReportController
public/js/custom-states.js,app.physiotheraphy,/physiotheraphy,physiotheraphyListController
public/js/custom-states.js,app.physiotheraphytab,/physiotheraphytab/:id,physiotheraphytabController
public/js/custom-states.js,app.physiotheraphytab.assessment,/physiotheraphyassessment,physiconsultationController
public/js/custom-states.js,app.physiotheraphytab.details,/physiotheraphies,physiotheraphyFormController
public/js/custom-states.js,app.prechecklist,/checklist,checkListController
public/js/custom-states.js,app.printlog,/printlogs,printListController
public/js/custom-states.js,app.producttypereport,/producttypereport,ProductTypeReportController
public/js/custom-states.js,app.purchaseorderreport,/purchaseorderreport,PurchaseOrderReportController
public/js/custom-states.js,app.purchasereturnreport,/purchasereturnreport,PurchaseReturnReportController
public/js/custom-states.js,app.purchasevendorpendingreport,/purchasevendorpendingreport,PurchaseVendorPendingReportController
public/js/custom-states.js,app.purchasevendorreport,/purchasevendorreport,PurchaseVendorReportController
public/js/custom-states.js,app.qmsdisplay,/qmsdisplay,tokenController
public/js/custom-states.js,app.rackdetailsbystorereport,/rackdetailsbystorereport,RackDetailByStoreReportController
public/js/custom-states.js,app.radiologyresultreview-form,/radiologyresults,RadiologyResultReviewFormController
public/js/custom-states.js,app.radiologyresults,/radiologyresults,RadiologyResultReviewController
public/js/custom-states.js,app.referralfeedback,/referralfeedback/:id,referralfeedbackFormController
public/js/custom-states.js,app.referralfeedbacktab,/referralfeedbacktab,ReferralFeedbackTabController
public/js/custom-states.js,app.referralfeedbacktab.referralfeedbacks,/referralfeedbacks,referralfeedbackListController
public/js/custom-states.js,app.referralfeedbacktab.referrallist,/referrallist,ReferralListController
public/js/custom-states.js,app.refundreport,/refundreport,RefundReportController
public/js/custom-states.js,app.reports,/reports,ReportController
public/js/custom-states.js,app.risdashboard,/dashboard/:tp,DashboardController
public/js/custom-states.js,app.sequencemasters,/sequencemasters,SequenceMastersListController
public/js/custom-states.js,app.serviceexecutions,/serviceexecutions/:id,serviceExecutionFormController
public/js/custom-states.js,app.serviceitemreport,/serviceitemreport,serviceItemReportController
public/js/custom-states.js,app.servicerequest,/servicerequest/:id,serviceRequestFormController
public/js/custom-states.js,app.servicerequests,/servicerequests,serviceRequestListController
public/js/custom-states.js,app.staffcreditbillreport,/staffcreditbillreport,StaffCreditBillReportController
public/js/custom-states.js,app.staffcreditreturnreport,/staffcreditreturnreport,StaffCreditReturnReportController
public/js/custom-states.js,app.staffcreditsummaryreport,/staffcreditsummaryreport,StaffCreditSummaryReportController
public/js/custom-states.js,app.staffpendingpaymentreport,/staffpendingpaymentreport,StaffPendingPaymentReportController
public/js/custom-states.js,app.statemaster,/statemasters,stateMasterListController
public/js/custom-states.js,app.stockadjustmentreport,/stockadjustmentreport,StockAdjustmentReportController
public/js/custom-states.js,app.stockindentreport,/stockindentreport,StockIndentReportController
public/js/custom-states.js,app.stockissuevocherreport,/stockissuevocherreport,StockIssueVocherReportController
public/js/custom-states.js,app.stockmovementreport,/stockmovementreport,StockMovementReportController
public/js/custom-states.js,app.stocknonmovementreport,/stocknonmovementreport,StockNonMovementReportController
public/js/custom-states.js,app.stockstatusbatchreport,/stockstatusbatchreport,StockStatusBatchReportController
public/js/custom-states.js,app.stockstatusproductsummaryreport,/stockstatusproductsummaryreport,StockStatusProductSummaryReportController
public/js/custom-states.js,app.stockstatusreport,/stockstatusreport,StockStatusReportController
public/js/custom-states.js,app.storemasterreport,/storemasterreport,StoreMasterReportController
public/js/custom-states.js,app.suppliermasterreport,/suppliermasterreport,SupplierMasterReportController
public/js/custom-states.js,app.surgeryregisters,/surgeryregisters,otregisterListController
public/js/custom-states.js,app.systemexamination,/systemexamination,SystemExaminationListController
public/js/custom-states.js,app.threewaymatching,/threewaymatching-form,threewayMatchingFormController
public/js/custom-states.js,app.threewaymatchings,/threewaymatching-list,threewayMatchingListController
public/js/custom-states.js,app.triages,/triage,triageListController
public/js/custom-states.js,app.usermasterreport,/usermasterreport,UserMasterReportController
public/js/custom-states.js,app.vendordetailreport,/vendordetailreport,VendorDetailReportController
public/js/custom-states.js,app.warddisplay,/warddisplay,wardboardController
public/js/custom-states.js,app.workorderprocesstab,/workorderprocess/:tp,workorderProcessTabController
public/js/custom-states.js,app.workorderprocesstab.processallorders,/allorders/:tp,allOrderProcessListController
public/js/custom-states.js,app.workorderprocesstab.processmyorders,/myorders/:tp,myOrderProcessListController
public/js/custom-states.js,patientemr.consuldationnotestab,/consuldationnotestab/:id,consultationtabController
public/js/custom-states.js,patientemr.consuldationnotestab.consultationnotes,/consultationnotes,consultationnotesController
public/js/custom-states.js,patientemr.consuldationnotestab.patientorder,/patientorder/:pid,patientOrderListsController
public/js/custom-states.js,patientemr.consuldationnotestab.prescription,/patientprescription/:pid,prescriptionFormmodalController
public/js/custom-states.js,patientemr.consuldationnotestab.vitals,/patientvitals/:pid,patientVitalsFormController
public/js/custom-states.js,patientemr.dietplantab,/dietplan/:id,dietplanTabController
public/js/custom-states.js,patientemr.dietplantab.dietplan,/dietplan,patientDietplanController
public/js/custom-states.js,patientemr.pastlabresult,/pastlabresult/:id,pastLabFormController
public/js/custom-states.js,patientemr.pastlabresults,/pastlabresults,pastLabListController
public/js/custom-states.js,patientemr.pastradiologyresult,/pastradiologyresult/:id,pastRadiologyFormController
public/js/custom-states.js,patientemr.pastradiologyresults,/pastradiologyresults,pastRadiologyListController
public/js/custom-states.js,patientemr.patientdietnbm,/manageNBM,patientDietnbmListController
public/js/custom-states.js,patientemr.physiotheraphy,/physiotheraphy,physiotheraphyListController
public/js/custom-states.js,patientemr.physiotheraphytab,/physiotheraphytab/:id,physiotheraphytabController
public/js/custom-states.js,patientemr.physiotheraphytab.details,/physiotheraphies,physiotheraphyFormController
public/js/custom-states.js,patientportal.Healthsummary,/Healthsummary/:tp,ehealthSummaryController
public/js/custom-states.js,patientportal.contactdetails,/contactdetails,contactdetails
public/js/custom-states.js,patientportal.doctordetails,/doctordetails,doctorslist
public/js/custom-states.js,patientportal.doctorslist,/doctorslist,doctorslist
public/js/custom-states.js,patientportal.newappointments,/newappointments,newappointments
public/js/custom-states.js,patientportal.specialities,/specialities,newappointments
public/js/emr-states.js,app.abgparameters,/abgparameters,ABGParameterListController
public/js/emr-states.js,app.appointmentrequest,/app/appointmentrequest,appointmentReqListController
public/js/emr-states.js,app.otconsumption,/OTConsumption/:id,OTConsumptionFormController
public/js/emr-states.js,app.otconsumptions,/OTConsumption,OTConsumptionListController
public/js/emr-states.js,app.patientfollowuptab,/patientfollowuptab/:id,PatientFollowupTabController
public/js/emr-states.js,app.patientfollowuptab.followup,/followup,FollowupListController
public/js/emr-states.js,app.patientfollowuptab.pending,/pending,PendingListController
public/js/emr-states.js,patientemr,/patientemr,
public/js/emr-states.js,patientemr.admissionrequest,/admissionrequest/:id,admissionRequestFormController
public/js/emr-states.js,patientemr.admissionrequests,/admissionrequests,admissionRequestListController
public/js/emr-states.js,patientemr.bloodbanks,/bloodbanks,BloodBankListController
public/js/emr-states.js,patientemr.bloodbanktab,bloodbanktab/:id,BloodBankTabController
public/js/emr-states.js,patientemr.bloodbanktab.blooddonor,bloodbanktab/blooddonor:id,BloodDonorDetailsController
public/js/emr-states.js,patientemr.bloodbanktab.bloodrequest,bloodbanktab/bloodrequest:id,BloodBankRequestController
public/js/emr-states.js,patientemr.bloodbanktab.bloodtransfusion,bloodbanktab/bloodtransfusion:id,BloodTransfusionDetailsController
public/js/emr-states.js,patientemr.cdcharttab,/cdcharttab,CdChartTabController
public/js/emr-states.js,patientemr.cdcharttab.cdchartcurrentlist,/cdchartcurrentlist,CdChartCurrentListController
public/js/emr-states.js,patientemr.cdcharttab.cdchartpreviouslist,/cdchartpreviouslist,CdChartProviousListController
public/js/emr-states.js,patientemr.clinicaldocumenttab,/clinicaldocumenttab,ClinicalDocumentTabController
public/js/emr-states.js,patientemr.clinicaldocumenttab.clinicaldocumentcurrentlist,/clinicaldocumenttab/clinicaldocumentcurrentlist/,ClinicalDocumentCurrentListController
public/js/emr-states.js,patientemr.clinicaldocumenttab.clinicaldocumentpreviouslist,/clinicaldocumenttab/clinicaldocumentpreviouslist,ClinicalDocumentPreviousListController
public/js/emr-states.js,patientemr.clinicalimages,/ClinicalImages,ClinicalImagesListController
public/js/emr-states.js,patientemr.clinicalordertab,/clinicalordertab,ClinicalOrdeerTabController
public/js/emr-states.js,patientemr.clinicalordertab.clinicalorders,/clinicalorders/addorders,ClinicalOrdersController
public/js/emr-states.js,patientemr.clinicalordertab.currentlist,/clinicalordertab/currentlist,clinicalordersCurrentListController
public/js/emr-states.js,patientemr.clinicalordertab.favorders,/clinicalordertab/favorders,FavoriteOrdersController
public/js/emr-states.js,patientemr.clinicalordertab.history,/clinicalordertab/history,clinicalordersHistoryController
public/js/emr-states.js,patientemr.constab,/emrconstab,EmrConsolidateTabController
public/js/emr-states.js,patientemr.constab.opconsolidatedbills,/emropconsolidatedbills/,EmropbilldetailsController
public/js/emr-states.js,patientemr.constab.pharmacyconsolidatedbills,/emrpharmacyconsolidatedbills/,EmrpharmabilldetailsController
public/js/emr-states.js,patientemr.consultation,/consultation/:id,consultationController
public/js/emr-states.js,patientemr.consultationcompare,/consultationcompare,consultationCompareController
public/js/emr-states.js,patientemr.consultationtab,/consultationtab,ConsultationNoteTabController
public/js/emr-states.js,patientemr.consultationtab.consultationcurrentlist,/consultationcurrentlist,consultationCurrentListController
public/js/emr-states.js,patientemr.consultationtab.consultationpreviouslist,/consultationpreviouslist,consultationPreviousListController
public/js/emr-states.js,patientemr.diabetescharttab,/diabetescharttab,DiabetesChartTabController
public/js/emr-states.js,patientemr.diabetescharttab.currentlist,/currentlist,DiabetesChartCurrentListController
public/js/emr-states.js,patientemr.diabetescharttab.previouslist,/previouslist,DiabetesChartPreviuosListController
public/js/emr-states.js,patientemr.diagnosistab,/diagnosistab/,PatientDiagnosisTabController
public/js/emr-states.js,patientemr.diagnosistab.diagnosishistory,/diagnosishistory/,PreDiagnosisHistoryController
public/js/emr-states.js,patientemr.diagnosistab.favoritediagnosis,/favoritediagnosis/,FavoriteDiagnosisController
public/js/emr-states.js,patientemr.diagnosistab.patientdiagnosiscurrentlist,/patientdiagnosiscurrentlist/,patientDiagnosisListController
public/js/emr-states.js,patientemr.dietplantab,/dietplan/:id,dietplanTabController
public/js/emr-states.js,patientemr.dietplantab.dietplan,/dietplan,patientDietplanController
public/js/emr-states.js,patientemr.dietplantab.dietplanlist,/dietplanlist,patientDietplanListController
public/js/emr-states.js,patientemr.dischargecasesheet,/dischargecasesheet/:id,discasshtconsultationController
public/js/emr-states.js,patientemr.dischargecasesheets,/dischargecasesheets,discasshtconsultationListController
public/js/emr-states.js,patientemr.dischargesummary,/dischargesummary/:id,dischargesummaryFormController
public/js/emr-states.js,patientemr.dischargesummarys,/dischargesummarys,dischargesummaryListController
public/js/emr-states.js,patientemr.dischargesummarytab,/dischargesummarytab/,DischargeSummaryTabController
public/js/emr-states.js,patientemr.dischargesummarytab.dischargesummarycurrentvisit,/dischargesummary/:id,emrdischargesummaryFormController
public/js/emr-states.js,patientemr.dischargesummarytab.dischargesummaryhistory,/dischargesummaryhistory/:id,dischargesummaryListController
public/js/emr-states.js,patientemr.dischargesummarytab.dischargesummarymodify,/dischargesummarymodify/:id,dischargesummaryModifyController
public/js/emr-states.js,patientemr.dischargesummarytab.dischargesummaryview,/dischargesummaryview/:id,DischargeSummaryViewController
public/js/emr-states.js,patientemr.doctornotestab,/doctornotestab,DoctorNotesTabController
public/js/emr-states.js,patientemr.doctornotestab.doctornotescurrentlist,/doctornotescurrentlist/:id,DoctorNotescurrentListController
public/js/emr-states.js,patientemr.doctornotestab.doctornotespreviouslist,/doctornotespreviouslist/:id,DoctorNotesPreviousListController
public/js/emr-states.js,patientemr.emartab,/emartab/,emarTabController
public/js/emr-states.js,patientemr.emartab.emar,emartab/Prescribed eMAR/,emarController
public/js/emr-states.js,patientemr.emartab.emarview,emartab/Prescribed eMAR View/,emarviewController
public/js/emr-states.js,patientemr.emrcharttab,/emrcharttab,emrcharttabController
public/js/emr-states.js,patientemr.emrcharttab.emrcharts,/emrcharts,emrchartsController
public/js/emr-states.js,patientemr.emrdashboard,/emrdashboard/:pid/:id,emrdashboardFormController
public/js/emr-states.js,patientemr.emrincidentmanagementlist,/emrincidentmanagementlist,emrincidentmanagementlistController
public/js/emr-states.js,patientemr.emrotregisters,/emrotregisters/,OtRegisterNotesController
public/js/emr-states.js,patientemr.emrtaskmanagementlist,/emrtaskmanagementlist,emrtaskmanagementlistController
public/js/emr-states.js,patientemr.equipments,/equipments,MedicalEquipmentController
public/js/emr-states.js,patientemr.familycondition,/familycondition/:pid/:id,familyConditionFormController
public/js/emr-states.js,patientemr.familyconditions,/familyconditions/,familyConditionListController
public/js/emr-states.js,patientemr.familysocialhistory,/familysocialhistory/:pid/:id,familySocialHistoryFormController
public/js/emr-states.js,patientemr.familysocialhistorys,/familysocialhistorys/,familySocialHistoryListController
public/js/emr-states.js,patientemr.incidentmanagement,/incidentmanagement,emrincidentmanagementlistController
public/js/emr-states.js,patientemr.ipbilldetails,/ipbilldetails,ipbillingdetailsController
public/js/emr-states.js,patientemr.ipcasesheetsummary,/ipcasesheetsummary,ipcasesheetsummaryController
public/js/emr-states.js,patientemr.ipdoctortransfer,/ipdoctortransfer,DocTransferController
public/js/emr-states.js,patientemr.ipforms,/ipforms,ipformController
public/js/emr-states.js,patientemr.ivfconsultationnotescurrentlist,/ivfconsultationnotescurrentlist/:id,IVFConsultationNotescurrentListController
public/js/emr-states.js,patientemr.ivfnotestab,/ivfnotestab,IVFNotesTabController
public/js/emr-states.js,patientemr.ivfnotestab.ivfnotescurrentlist,/ivfnotescurrentlist/:id,IVFNotescurrentListController
public/js/emr-states.js,patientemr.ivfnotestab.ivfnotespreviouslist,/ivfnotespreviouslist/:id,DoctorNotesPreviousListController
public/js/emr-states.js,patientemr.ivfnotestab.ivfspousenotes,/ivfspousenotes/:id,IVFConsultationNotesspouseListController
public/js/emr-states.js,patientemr.ivftreatmentplan,/ivftreatmentplan,ivftreatmentplanController
public/js/emr-states.js,patientemr.labresults,/labresults,labResultListController
public/js/emr-states.js,patientemr.labresultview,/labresultview,labResultViewController
public/js/emr-states.js,patientemr.lensprescription,/lensprescription,lensprescriptionController
public/js/emr-states.js,patientemr.lensprescriptionform,/lensprescription,lensprescriptionControllerform
public/js/emr-states.js,patientemr.localwellmedicineorder,/localwellmedicineorder,localwellmedicineorderListController
public/js/emr-states.js,patientemr.localwellmedicineorderform,/localwellmedicineorderform/:id,localwellmedicineorderFormController
public/js/emr-states.js,patientemr.medicinerequest,/medicinerequest,patientRequestListController
public/js/emr-states.js,patientemr.medicinerequestform,/medicinerequest/:id,patientRequestFormController
public/js/emr-states.js,patientemr.medicinereturn,/medicinereturn,PatientReturnFormController
public/js/emr-states.js,patientemr.medicinereturns,/medicinereturn,PatientReturnsListController
public/js/emr-states.js,patientemr.mrdfilesattachments,/mrdfilesattachments/,MRDfilesAttachmentlistController
public/js/emr-states.js,patientemr.newborn,/newbornlist,newborndetailsListController
public/js/emr-states.js,patientemr.newbornform,/newbornform/:pid/:id,newborndetailsFormController
public/js/emr-states.js,patientemr.notefavorate,/notefavorate,CNFavoriteOrdersController
public/js/emr-states.js,patientemr.nursingcharts,/nursingcharts/,nursingchartsController
public/js/emr-states.js,patientemr.nursingnotestab,/nursingnotestab,NursingNotesTabController
public/js/emr-states.js,patientemr.nursingnotestab.nursingnotescurrentlist,/nursingnotescurrentlist/:id,NursingNotescurrentListController
public/js/emr-states.js,patientemr.nursingnotestab.nursingnotespreviouslist,/nursingnotespreviouslist/:id,NursingNotesPreviousListController
public/js/emr-states.js,patientemr.orderpatientrecords,/orderpatientrecords/,OrderPatientrecordsController
public/js/emr-states.js,patientemr.orthoassesment,OrthoAssesment,orthoassesmentController
public/js/emr-states.js,patientemr.pastvisits-list,/pastvisits/,PastVisitsController
public/js/emr-states.js,patientemr.patientallergy,/patientallergy/:pid/:id,patientAllergyFormController
public/js/emr-states.js,patientemr.patientcondition,/patientcondition/:pid/:id,patientConditionFormController
public/js/emr-states.js,patientemr.patientconditions,/patientconditions/,patientConditionListController
public/js/emr-states.js,patientemr.patientdietorderform,/patientdietorder/:pid/:id,patientDietOrderFormController
public/js/emr-states.js,patientemr.patientdietorders,/patientdietorders,patientDietOrderListController
public/js/emr-states.js,patientemr.patientiddocuments,/patientiddocuments,PatientIddocumentsController
public/js/emr-states.js,patientemr.patientimmunization,/patientimmunization/:pid/:id,patientImmunizationFormController
public/js/emr-states.js,patientemr.patientimmunizations,/patientimmunizations/,patientImmunizationListController
public/js/emr-states.js,patientemr.patientindent,/patientindent,patientIndentListController
public/js/emr-states.js,patientemr.patientindentform,/patientindentform/:id,patientIndentFormController
public/js/emr-states.js,patientemr.patientlabourform,/patientlabourform/:pid/:id,patientlabourFormController
public/js/emr-states.js,patientemr.patientlabourlist,/patientlabourlist,patientlabourListController
public/js/emr-states.js,patientemr.patientnotifiablediseases,/patientnotifiablediseases/,patientnotifiablediseasesListController
public/js/emr-states.js,patientemr.patientreceive,/patientreceive,patientReceiveListController
public/js/emr-states.js,patientemr.patientreceiveform,/patientreceiveform/:id,patientReceiveFormController
public/js/emr-states.js,patientemr.patientrecords,/patientrecords/,patientrecordslistController
public/js/emr-states.js,patientemr.patientreturn,/patientreturn,patientreturnListController
public/js/emr-states.js,patientemr.patientreturnform,/patientreturnform/:id,patientreturnFormController
public/js/emr-states.js,patientemr.patienttransfer,/patienttransferform/,patientTransferController
public/js/emr-states.js,patientemr.patientvitaltab,/patientvitaltab,PatientVitalTabController
public/js/emr-states.js,patientemr.patientvitaltab.patientvital,/patientvitaltab/patientvital/:pid/:id,patientVitalFormController
public/js/emr-states.js,patientemr.patientvitaltab.patientvitalchart,/patientvitaltab/patientvitalchart/,patientVitalChartviewController
public/js/emr-states.js,patientemr.patientvitaltab.patientvitals,/patientvitaltab/patientvitals/,patientVitalListController
public/js/emr-states.js,patientemr.patientvitaltab.previousvitals,/patientvitaltab/previousvitals/,PreviousVitalController
public/js/emr-states.js,patientemr.physiotheraphytab,/physiotheraphytab,PhysiotheraphyTabController
public/js/emr-states.js,patientemr.physiotheraphytab.physiotheraphycurrentlist,/physiotheraphycurrentlist/,PhysiotheraphycurrentlistController
public/js/emr-states.js,patientemr.physiotheraphytab.physiotheraphypreviouslist,/physiotheraphypreviouslist/,PhysiotheraphyprevioruslistController
public/js/emr-states.js,patientemr.pmhxdashboard,/pmhxdashboard,pmhxDashboardController
public/js/emr-states.js,patientemr.positionbpcharttab,/positionbpcharttab,PositionBpChartTabController
public/js/emr-states.js,patientemr.positionbpcharttab.positionbpchart,/positionbpchart,PositionBpChartController
public/js/emr-states.js,patientemr.positionbpcharttab.positionbpchartPrelist,/positionbpchart,PositionBpChartPreListController
public/js/emr-states.js,patientemr.preoperativechecklist,/preoperativechecklist/:id,PreOperativeCheckListFormController
public/js/emr-states.js,patientemr.preoperativechecklists,/preoperativechecklist,PreOperativeChecklistListController
public/js/emr-states.js,patientemr.prescribetab,/prescribetab/,PrescribeTabController
public/js/emr-states.js,patientemr.prescribetab.currentprescription,/prescribetab/currentprescription/,CurrentPrescriptionController
public/js/emr-states.js,patientemr.prescribetab.favprecriptions,prescribetab/favprecriptions/,PrescriptionFavController
public/js/emr-states.js,patientemr.prescribetab.pastprescription,/prescribetab/pastprescription/,PastPrescriptionController
public/js/emr-states.js,patientemr.prescribetab.rxprescriptions,/prescribetab/rxprescriptions/,PrescriptionRxController
public/js/emr-states.js,patientemr.prescriptionp1,/prescriptionp1,PrescriptionP1Controller
public/js/emr-states.js,patientemr.prescriptionpadform,/prescriptionpadform,PrescriptionPadFormController
public/js/emr-states.js,patientemr.prescriptionpadlist,/prescriptionpadlist,PrescriptionPadListController
public/js/emr-states.js,patientemr.procedureordertab,/procedureordertab/,ProcedureOrderTabController
public/js/emr-states.js,patientemr.procedureordertab.currentlist,/procedureordertab/currentlist,CurrentProcedureOrderController
public/js/emr-states.js,patientemr.procedureordertab.favoriteorders,/procedureordertab/favoriteorders/,ProcedureFavoriteOrdersController
public/js/emr-states.js,patientemr.procedureordertab.history,/procedureordertab/history,ProcedureordersHistoryController
public/js/emr-states.js,patientemr.procedureordertab.procedureorders,/procedureordertab/procedureorders/,ProcedureOrdersController
public/js/emr-states.js,patientemr.radiologyresults,/radiologyresults,radiologyResultListController
public/js/emr-states.js,patientemr.referralfollowuptab,/referralfollowuptab,ReferralFollowupTabController
public/js/emr-states.js,patientemr.referralfollowuptab.currentreferrallist,/referralfollowuptab/currentreferrallist,ReferralFollowupcurrentreferrallistController
public/js/emr-states.js,patientemr.referralfollowuptab.prevreferrallist,/referralfollowuptab/prevreferrallist,ReferralFollowupprevreferrallistController
public/js/emr-states.js,patientemr.referralfollowuptab.referralfollowup,/referralfollowuptab/referralfollowup,ReferralFollowupController
public/js/emr-states.js,patientemr.reviewnotes,/reviewnotes/,reviewNotesController
public/js/emr-states.js,patientemr.sickleaveform,/sickleaveform,sickleaveformController
public/js/emr-states.js,patientemr.summarynotetab,/summarynotetab,SummaryNoteTabController
public/js/emr-states.js,patientemr.summarynotetab.patientdashboard,/patientdashboard,patientDashboardController
public/js/emr-states.js,patientemr.symptomnoteslist,/symptomnoteslist/,SymptomNotesListController
public/js/emr-states.js,patientemr.symptomnotestab,/symptomnotestab/,SymptomNotesTabController
public/js/emr-states.js,patientemr.symptomnotestab.symptomnotehistory,/symptomnotehistory/,SymptomNotesHistoryController
public/js/emr-states.js,patientemr.symptomnotestab.symptomnotes,/symptomnotes/,SymptomNotesController
public/js/emr-states.js,patientemr.symptomnotestab.symptomnoteslist,/symptomnoteslist/,SymptomNotesListController
public/js/emr-states.js,patientemr.toothcharttab,/ToothCharttab/:id,ToothChartTabController
public/js/emr-states.js,patientemr.toothcharttab.childtoothchart,/ChildToothChart/:id,ChildToothChartController
public/js/emr-states.js,patientemr.toothcharttab.toothchart,/ToothChart/:id,ToothChartController
public/js/emr-states.js,patientemr.treatmentplan,/treatmentplan,treatmentplanController
public/js/emr-states.js,patientemr.treatmentplanupdate,/treatmentplanupdate,TreatmentPlanUpdateController
public/js/emr-states.js,patientemr.videoconference,/videoconference,VideoConferenceController
public/js/emr-states.js,patientemr.virtualbillpayment,/virtualbillpayment,VirtualBillPaymentController
public/js/hims-states.js,app,/app,
public/js/hims-states.js,app.Inventorymastermanagement,/Inventorymastermanagement,InventoryMasterDashboardController
public/js/hims-states.js,app.Worklists,/Worklists,fileworklistsController
public/js/hims-states.js,app.abgparameters,/abgparameters,ABGParameterListController
public/js/hims-states.js,app.adminappointmentdashboard,/adminappointmentdashboard,AdminAppDashboardController
public/js/hims-states.js,app.admindashboard,/admindashboard,admindashboardController
public/js/hims-states.js,app.adminfacilitydashboard,/adminfacilitydashboard,facilityadmindashboardController
public/js/hims-states.js,app.admissionrequestslipt,/admissionrequestslip,admissionrequestslipListController
public/js/hims-states.js,app.admissions,/admissions,admissionsListController
public/js/hims-states.js,app.admissiontab,/admissiontab/:id,admissionTabController
public/js/hims-states.js,app.admissiontab.admission,/admission,admissionFormController
public/js/hims-states.js,app.admissiontab.admissionlogs,/admissionlogs,admissionlogsListController
public/js/hims-states.js,app.advance-form,/advance-form/:id,advancereceiptFormController
public/js/hims-states.js,app.advancefunddetailsreport,/advancefunddetailsreport,advancefunddetailsreportController
public/js/hims-states.js,app.adversedrugreaction-form,/adversedrugreaction-form:id,AdverseDrugReactionFormController
public/js/hims-states.js,app.adversedrugreaction-list,/adversedrugreaction-list,AdverseDrugReactionListController
public/js/hims-states.js,app.aebedmanagement,/aebedmanagement/:id,bedmanagementGridController
public/js/hims-states.js,app.aebilling,/aebilling,aebillingListController
public/js/hims-states.js,app.aedashboard,/aedashboard,AEDashboardController
public/js/hims-states.js,app.aemedicineissues,/aemedicineissues,medicineissuesListController
public/js/hims-states.js,app.aeregistration,/AccidentEmergency,aepatientRegistrationController
public/js/hims-states.js,app.allcheckin-nurse,/alloplistfornurse,NurseOPPatientsController
public/js/hims-states.js,app.allergies,/allergies,allergyListController
public/js/hims-states.js,app.allergyreactions,/allergyreactions,allergyReactionListController
public/js/hims-states.js,app.amendresultentry,/amendresultentry/:id,AmendresultEntryFormController
public/js/hims-states.js,app.analyzertestmapping,/analyzertestmapping,AnalyserTestMappingListController
public/js/hims-states.js,app.analyzertestmasterList,/analyzertestmasterList,analyzertestmasterListController
public/js/hims-states.js,app.appappointments,/,appointmentsFromAppController
public/js/hims-states.js,app.appointmentbillpendinglist,/appointmentbillpendinglist,AppointmentBillPendinglistController
public/js/hims-states.js,app.appointmentcalendar,/appointmentcalendar,calendarListController
public/js/hims-states.js,app.appointmentcalendarnew,/appointmentscalendar,appointmentscalendarController
public/js/hims-states.js,app.appointmentcancelledreport,/appointmentcancelledreport,appointmentcancelledreportController
public/js/hims-states.js,app.appointmentcategories,/appointmentcategories,appointmentCategoryListController
public/js/hims-states.js,app.appointmentcategory,/appointmentcategory/:id,appointmentCategoryFormController
public/js/hims-states.js,app.appointmentdashboard,/appointmentdashboard,AppointmentDashboardController
public/js/hims-states.js,app.appointmentnew,/appointmentnew,appointmentsListController
public/js/hims-states.js,app.appointmentpatientfromappreport,/appointmentpatientfromappreport,appointmentpatientfromappreportController
public/js/hims-states.js,app.appointmentrequest,/app/appointmentrequest,appointmentReqListController
public/js/hims-states.js,app.appointmentreschedulereport,/appointmentreschedulereport,appointmentreschedulereportController
public/js/hims-states.js,app.appointments,/appointments,appointmentListController
public/js/hims-states.js,app.appointmentschedulereport,/appointmentschedulereport,appointmentschedulereportController
public/js/hims-states.js,app.appointmentsession,/appointmentsession/:id,appointmentSessionFormController
public/js/hims-states.js,app.appointmentsessionformtab,/appointmentsessiontab/:id,apptSessionFormTabController
public/js/hims-states.js,app.appointmentsessionformtab.appointmentmultisession,/appointmentmultisession/:id,apptmultiSessionListController
public/js/hims-states.js,app.appointmentsessionformtab.appointmentsession,/appointmentsession/:id,appointmentSessionFormController
public/js/hims-states.js,app.appointmentsessions,/appointmentsessions,appointmentSessionListController
public/js/hims-states.js,app.appointmentstab,/appointment/:id,appointmentsTabController
public/js/hims-states.js,app.appointmentstab.appointmentcalendardoctor,/appointmentscalendar,appointmentscalendarController
public/js/hims-states.js,app.appointmentstab.appointmentfromapp,/appointmentfromapp,appointmentshistoryController
public/js/hims-states.js,app.appointmentstab.details,/details,appointmentsFormController
public/js/hims-states.js,app.appointmentstab.viewappoitment,/viewappoitment,appointmentsSchFormController
public/js/hims-states.js,app.approvalallorders,/approvalallorders/:tp,allResultApprovalListController
public/js/hims-states.js,app.apptqmsdisplay,/apptqmsdisplay,AppttokenController
public/js/hims-states.js,app.assessments,/assessments,assessmentListController
public/js/hims-states.js,app.assetaccessoriesreport,/assetaccessoriesreport,assetaccessoriesreportController
public/js/hims-states.js,app.assetaudit,/assetaudit,AssetauditListController
public/js/hims-states.js,app.assetauditreport,/assetauditreport,assetauditreportController
public/js/hims-states.js,app.assetaudits,/assetaudits/:id,AssetauditFormController
public/js/hims-states.js,app.assetdetailreport,/assetdetailreport,assetdetailreportController
public/js/hims-states.js,app.assetdisposetab,/assetdisposetab,AssetDisposeTabController
public/js/hims-states.js,app.assetdisposetab.condemnation,/condemnation,AssetCondemnationController
public/js/hims-states.js,app.assetdisposetab.dispose,/dispose,AssetDisposeController
public/js/hims-states.js,app.assetdisposetab.disposedasset,/disposedasset,DisposedAssetController
public/js/hims-states.js,app.assetdisposetab.disposerequest,/disposerequest,AssetDisposeRequestController
public/js/hims-states.js,app.assetgatepassreport,/assetgatepassreport,assetgatepassreportController
public/js/hims-states.js,app.assetinsurancedetailreport,/assetinsurancedetailreport,assetinsurancedetailreportController
public/js/hims-states.js,app.assetmaintenancereport,/assetmaintenancereport,assetmaintenancereportController
public/js/hims-states.js,app.assetmovementreport,/assetmovementreport,assetmovementreportController
public/js/hims-states.js,app.assetreconcile,/assetreconcile,AssetreconcileListController
public/js/hims-states.js,app.assetreconcilereport,/assetreconcilereport,assetreconcilereportController
public/js/hims-states.js,app.assetreconciles,/assetreconciles/:id,AssetreconcileFormController
public/js/hims-states.js,app.assetregtab,/assetregtab,assetRegTabController
public/js/hims-states.js,app.assetregtab.myassets,/myassets/:id,MyAssetsController
public/js/hims-states.js,app.assetregtab.mydepartmentassets,/mydepartmentassets/:id,MyDepartmentAssetsController
public/js/hims-states.js,app.assetregview,/assetregview,AssetRegViewController
public/js/hims-states.js,app.assetreports,/assetreports,assetreportsController
public/js/hims-states.js,app.assets,/assets,assetListController
public/js/hims-states.js,app.assetsummarybydepartmentreport,/assetsummarybydepartmentreport,assetsummarybydepartmentreportController
public/js/hims-states.js,app.assettab,/assettab/:id,assetTabController
public/js/hims-states.js,app.assettab.assetaccessories,/assetaccessories,assetAccessoriesListController
public/js/hims-states.js,app.assettab.assetdocuments,/assetdocuments,assetDocumentListController
public/js/hims-states.js,app.assettab.assetmaintanance,/assetmaintanance,assetMaintananceListController
public/js/hims-states.js,app.assettab.assetwarranties,/assetwarranties,assetWarrantyListController
public/js/hims-states.js,app.assettab.details,/details,assetFormController
public/js/hims-states.js,app.assettab.insurance,/insurance,assetInsuranceListController
public/js/hims-states.js,app.assettransfer,/assettransfer,assetTransferListController
public/js/hims-states.js,app.assettransfer-form,/assettransfer-form,assetTransferFormController
public/js/hims-states.js,app.assettransferdetailreport,/assettransferdetailreport,assettransferdetailreportController
public/js/hims-states.js,app.assetwarrantyexpiredreport,/assetwarrantyexpiredreport,assetwarrantyexpiredreportController
public/js/hims-states.js,app.assetwarrantyexpiryreport,/assetwarrantyexpiryreport,assetwarrantyexpiryreportController
public/js/hims-states.js,app.attachmenttypes,/attachmenttypes,attachmentTypeListController
public/js/hims-states.js,app.autoreorder,/autoreorder/:id,AutoReOrderController
public/js/hims-states.js,app.availablebedsreports,/availablebedsreports,availablebedsreportsController
public/js/hims-states.js,app.b2bbilling-form,/b2bbilling-form/:id,b2bBillingFormController
public/js/hims-states.js,app.bankstatement,/bankstatementlist/,bankstatementListController
public/js/hims-states.js,app.bankstatementform,/bankstatementform/,bankstatementFormController
public/js/hims-states.js,app.bannertab,/bannertab,bannertabController
public/js/hims-states.js,app.bannertab.banner,/banner,bannerController
public/js/hims-states.js,app.bannertab.bannerlist,/bannerlist,bannerListController
public/js/hims-states.js,app.bannertab.comments,/comments,commentsController
public/js/hims-states.js,app.barcodesetting,/barcodesetting,barcodeSettingController
public/js/hims-states.js,app.bedmanagement,/bedmanagement/:id,bedmanagementGridController
public/js/hims-states.js,app.bedmanagementtab,/bedmanagementtab/:id,BedmanagementTabController
public/js/hims-states.js,app.bedmanagementtab.dischargedpatients,/dischargedpatients/:id,DischargedPatientsController
public/js/hims-states.js,app.bedmanagementtab.floorview,/bedmanagementlist/:id,bedmanagementGridController
public/js/hims-states.js,app.bedmanagementtab.inpatient,/currentpatients/:id,currentpatienttListController
public/js/hims-states.js,app.bedreceive,/bedreceive,bedreceiveListController
public/js/hims-states.js,app.bedstatus,/bedstatus,bedstatusListController
public/js/hims-states.js,app.bedtransfer-list,/bedtransfer,bedtransferListController
public/js/hims-states.js,app.bedtransferreport,/bedtransferreport,BedTransferReportController
public/js/hims-states.js,app.bedtransferrequest,/bedtransfer/request/:id/:encounterid,bedtransferrequestFormController
public/js/hims-states.js,app.billdscnttab,/billdscnttab/:id/,BillDiscountTabController
public/js/hims-states.js,app.billdscnttab.opbills,/opbillsdscnt/:id/,OPBillDiscountController
public/js/hims-states.js,app.billdscnttab.pharmacybills,/pharmacybillsdscnt/:id/,PharmacybillDiscountController
public/js/hims-states.js,app.billingcounter-form,/billingcounter-form/:id,BillingCounterFormController
public/js/hims-states.js,app.billingcounter-list,/billingcounter-list,BillingCounterListController
public/js/hims-states.js,app.billingdashboard,/patientrevenueinfo,PatientRevenueController
public/js/hims-states.js,app.billingreportstab,/billingreportstab,BillingReportTabController
public/js/hims-states.js,app.billingreportstab.ipinvoicebillingreport,/ipinvoicebillingreport,IPBillingReportController
public/js/hims-states.js,app.billingreportstab.masterbillingreport,/masterbillingreport,MasterBillingReportController
public/js/hims-states.js,app.billingreportstab.opinvoicebillingreport,/opinvoicebillingreport,OPBillingReportController
public/js/hims-states.js,app.billingreportstab.revenuereport,/revenuereport,RevenueReportController
public/js/hims-states.js,app.billingreportstab.surgerybillingreport,/surgerybillingreport,SurgeryBillingReportController
public/js/hims-states.js,app.billingrequestlist,/billingrequestlist/:id/:tp,billingrequestlistController
public/js/hims-states.js,app.billingsdashboard,/billingsdashboard,BillingsDashboardController
public/js/hims-states.js,app.billingworkbench,/billingworkbench,billingWorkbenchListController
public/js/hims-states.js,app.billunlockapproval,/billunlockapproval,billunlockrequestlistController
public/js/hims-states.js,app.bookappointment,/bookappointment,bookappointmentController
public/js/hims-states.js,app.bookfeedbackvirtualappointment,/bookfeedbackvirtualappointment,BookFeedbackVirtualAppointmentController
public/js/hims-states.js,app.bulkCheckout,/bulkCheckout,bulkCheckoutController
public/js/hims-states.js,app.cancelreport,/cancelreport,CancelReportController
public/js/hims-states.js,app.candidateform,/candidateform,candidateformController
public/js/hims-states.js,app.candidatelist,/candidatelist,candidateListController
public/js/hims-states.js,app.cardmaster,/cardmasters,cardMasterListController
public/js/hims-states.js,app.carepaths,/carepaths,carepathListController
public/js/hims-states.js,app.carepathtab,/carepath/:id,carepathTabController
public/js/hims-states.js,app.carepathtab.carepathassesments,/carepathassesments,carepathassesmentsListController
public/js/hims-states.js,app.carepathtab.carepathclinicalorders,/carepathclinicalorders,carepathclinicalordersListController
public/js/hims-states.js,app.carepathtab.carepathprescription,/carepathprescription/:carepathprescriptionid,carepathprescriptionFormController
public/js/hims-states.js,app.carepathtab.details,/details,carepathFormController
public/js/hims-states.js,app.carepathtab.prescriptions,/carepathprescriptions,carepathprescriptionListController
public/js/hims-states.js,app.carepathtab.procedueres,/carepathprocedueres,carepathProceduereListController
public/js/hims-states.js,app.carepathtab.sections,/carepathsections,carepathSectionListController
public/js/hims-states.js,app.cashcounter,/cashcounter,CashCounterController
public/js/hims-states.js,app.cashcounterlist,/cashcounterlist,cashcounterlistController
public/js/hims-states.js,app.cashsubmission-form,/cashsubmission-form/:id,CashSubmissionFormController
public/js/hims-states.js,app.cashsubmission-list,/cashsubmission-list,CashSubmissionListController
public/js/hims-states.js,app.categorytypes,/categorytypes,categoryTypeListController
public/js/hims-states.js,app.cathlabdashboard,/cathlabdashboard,CathlabDashboardController
public/js/hims-states.js,app.cathlabentry-form,/cathlabentryform,CathlabentryFormController
public/js/hims-states.js,app.cathlabentrylist,/cathlabentrylist,cathlabentrylistController
public/js/hims-states.js,app.cathlabentryreports,/cathlabentryreports,cathlabentryreportController
public/js/hims-states.js,app.cathlabreports,/cathlabreports,cathlabreportsController
public/js/hims-states.js,app.cathlabscheduleform,/cathlabscheduleform,cathlabscheduleFormController
public/js/hims-states.js,app.cathlabschedulelist,/cathlabschedulelist,cathlabscheduleListController
public/js/hims-states.js,app.cathlabschedulereport,/cathlabschedulereport,cathlabschedulereportController
public/js/hims-states.js,app.cathlabsummarybyanaesthetist,/cathlabsummarybyanaesthetist,cathlabsummarybyanaesthetistController
public/js/hims-states.js,app.cathlabsummarybyprocedure,/cathlabsummarybyprocedure,cathlabsummarybyprocedureController
public/js/hims-states.js,app.cathlabsummarybysurgeon,/cathlabsummarybysurgeon,cathlabsummarybysurgeonController
public/js/hims-states.js,app.checklist,/CheckList,checklistController
public/js/hims-states.js,app.checklist-form,/ClaimCheckList/:id,checklistFormController
public/js/hims-states.js,app.chiefcomplaints,/chiefcomplaints,chiefComplaintListController
public/js/hims-states.js,app.citymaster,/citymasters,cityMasterListController
public/js/hims-states.js,app.claimmanagement-listtab,/claimmanagement-listtab/:id,claimManagementTabController
public/js/hims-states.js,app.claimmanagement-listtab.newreceipts,/newreceipts,newReceiptformListController
public/js/hims-states.js,app.claimmanagement-listtab.receivedreceipts,/receivedreceipts,receivedreceiptsListController
public/js/hims-states.js,app.claimprocess,/claimprocess,claimprocessController
public/js/hims-states.js,app.claimprocessform,/claimprocessform,claimprocessFormController
public/js/hims-states.js,app.claimreceipts,/claimreceipts,ClaimReceiptformListController
public/js/hims-states.js,app.claimsubmission-form,/ClaimSubmissionform/:id,claimsubmissionFormController
public/js/hims-states.js,app.claimsubmission-list,/ClaimSubmissionlist,claimsubmissionController
public/js/hims-states.js,app.clinicalapnmntbilling,/clinicalapnmntbilling,ClinicalApnmntBillingController
public/js/hims-states.js,app.clinicaldashboard,/clinicaldashboard,clinicaldashboardController
public/js/hims-states.js,app.clinicaldischarge,/clinicaldischarge,clinicaldischargeListController
public/js/hims-states.js,app.clinicalremarks,/clinicalremarks,ClinicalRemarkListController
public/js/hims-states.js,app.collectiondetailbyallcashierreport,/collectiondetailbyallcashierreport,collectiondetailbyallcashierreportController
public/js/hims-states.js,app.collectiondetailbycashierreport,/collectiondetailbycashierreport,CollectionDetailByCashierReportController
public/js/hims-states.js,app.collectionreportbyusers,/collectionreportbyusers,CollectionReportByUsersController
public/js/hims-states.js,app.collectionreports,/collectionreports,CollectionReportController
public/js/hims-states.js,app.collectionsummaryopip,/collectionsummaryopip,CollectionSummaryOPIPController
public/js/hims-states.js,app.commondashboard,/commondashboard,CommonDashboardController
public/js/hims-states.js,app.confirmorder,/confirmorder,confirmorderController
public/js/hims-states.js,app.consignment,/consignment,consignmentListController
public/js/hims-states.js,app.consignmentbilling,/consignmentbilling,ConsignmentBillingController
public/js/hims-states.js,app.consignmentform,/consignment/:id,consignmentFormController
public/js/hims-states.js,app.consignmentgrn,/consignmentgrnlist,ConsignmentGRNsListController
public/js/hims-states.js,app.consignmentgrnform,/consignmentgrnform/:id,ConsignmentGRNFormController
public/js/hims-states.js,app.consignmentinvoice,/consignmentinvoice,ConsignmentInvoiceListController
public/js/hims-states.js,app.consignmentinvoiceform,/consignmentinvoiceform/:id,ConsignmentInvoiceFormController
public/js/hims-states.js,app.consignmentpo,/consignmentpo,ConsignmentPOController
public/js/hims-states.js,app.consignmentpoform,/consignmentpoform,ConsignmentPOFormController
public/js/hims-states.js,app.consignmentpurchaseorder-amendment,/consignmentpurchaseorder-amendment/:id,consignmentpurchaseOrderAmendController
public/js/hims-states.js,app.consignmentstock,/consignmentstock,ConsignmentStockController
public/js/hims-states.js,app.consolidatedbills,/consolidatedbills/:id,pharmacybilldetailsController
public/js/hims-states.js,app.consolidategstreportfordeepam,/consolidategstreportfordeepam,consolidategstreportfordeepamController
public/js/hims-states.js,app.consolidateinputgstsummary,/consolidateinputgstsummary,consolidateinputgstsummaryController
public/js/hims-states.js,app.consolidateoutputgstsummary,/consolidateoutputgstsummary,consolidateoutputgstsummaryController
public/js/hims-states.js,app.consolidatepayment,/consolidatepayment,consolidatepaymentController
public/js/hims-states.js,app.consolidatepurchasegstreport,/consolidatepurchasegstreport,ConsolidatePurchaseGSTReportController
public/js/hims-states.js,app.consolidatesalesgstreport,/consolidatesalesgstreport,ConsolidateSalesGSTReportController
public/js/hims-states.js,app.consolidatetab,/consolidatetab,ConsolidateTabController
public/js/hims-states.js,app.consolidatetab.allconsolidatedbills,/allconsolidatedbills/,allconsolidatedbillsController
public/js/hims-states.js,app.consolidatetab.opconsolidatedbills,/opconsolidatedbills/,opbilldetailsController
public/js/hims-states.js,app.consolidatetab.pharmacyconsolidatedbills,/pharmacyconsolidatedbills/,pharmabilldetailsController
public/js/hims-states.js,app.costs,/manageprocedurecost,costListController
public/js/hims-states.js,app.costtab,/costtab/:id,costTabController
public/js/hims-states.js,app.costtab.consumables,/consumables,consumablesListController
public/js/hims-states.js,app.costtab.details,/details,costFormController
public/js/hims-states.js,app.costtab.labourcosts,/labourcosts,labourCostListController
public/js/hims-states.js,app.costtab.notionalrents,/notionalrents,notionalrentListController
public/js/hims-states.js,app.costtab.powercosts,/powercosts,powerCostListController
public/js/hims-states.js,app.countrymaster,/countrymasters,countryMasterListController
public/js/hims-states.js,app.covidstatisticsreport,/covidstatisticsreport,covidstatisticsreportController
public/js/hims-states.js,app.createorderdashboard,/createorderdashboard,createorderDashboardController
public/js/hims-states.js,app.creditapprovaltab,/creditapproval,CreditTabController
public/js/hims-states.js,app.creditapprovaltab.creditapproval,/creditapprequestlist,creditapprequestlistController
public/js/hims-states.js,app.creditnote,/creditnote:id,creditnoteFormController
public/js/hims-states.js,app.creditnotes,/creditnotes,creditnoteListController
public/js/hims-states.js,app.crmdashboard,/crmdashboard,CRMDashBoardController
public/js/hims-states.js,app.currentinpatients,/currentinpatients,currentinpatientsListController
public/js/hims-states.js,app.currentoccupancyreport,/currentoccupancyreport,CurrentOccupancyReportController
public/js/hims-states.js,app.currentpatients,/currentpatients/:id,currentpatienttListController
public/js/hims-states.js,app.customer-return,/customer-return/:id,customerreturnController
public/js/hims-states.js,app.customer-sales,/customer-sales/:id,customersalesController
public/js/hims-states.js,app.customermasters,/customermasters,customerMastersListController
public/js/hims-states.js,app.customermastertab,/customerMaster/:id,customerMasterTabController
public/js/hims-states.js,app.customermastertab.customermaster,/customermaster,customerMasterFormController
public/js/hims-states.js,app.customermastertab.customermastercontact,/customermastercontact/:customercontactid,customermasterContactFormController
public/js/hims-states.js,app.customermastertab.customermastercontacts,/customermastercontacts,customermasterContactListController
public/js/hims-states.js,app.daily_collection,/dailycollection,DailyCollectionListController
public/js/hims-states.js,app.dailybillreports,/dailybillreports,DailybillReportController
public/js/hims-states.js,app.dailypurchasesummary,/dailypurchasesummary,dailypurchasesummaryReportController
public/js/hims-states.js,app.dailyrevbybillingreport,/dailyrevbybillingreport,dailyrevbybillingreportController
public/js/hims-states.js,app.dailysalesandrevenuedetails,/dailysalesandrevenuedetails,dailysalesandrevenuedetailsController
public/js/hims-states.js,app.dailysalessummarybyitem,/dailysalessummarybyitem,dailysalessummarybyitemController
public/js/hims-states.js,app.dailysalessummarybyitemwithprofit,/dailysalessummarybyitemwithprofit,dailysalessummarybyitemwithprofitController
public/js/hims-states.js,app.dailystockmovementreport,/dailystockmovementreport,dailystockmovementreportController
public/js/hims-states.js,app.dailywisedoctorsharesummaryreport,/dailywisedoctorsharesummaryreport,dailywisedoctorsharesummaryreportController
public/js/hims-states.js,app.dailywiseipstatisticsreport,/dailywiseipstatisticsreport,dailywiseipstatisticsreportController
public/js/hims-states.js,app.dashboardtab,/dashboard,dashboardTabController
public/js/hims-states.js,app.dashboardtab.dashboard,/dashboard,dashboardFormController
public/js/hims-states.js,app.dashboardtab.directordashboard,/director-dashboard,directordashboardFormController
public/js/hims-states.js,app.dashboardtab.inventorydashboard,/inventorydashboard,inventorydashboardFormController
public/js/hims-states.js,app.daycarebilling,/daycarebilling,daycarebillingListController
public/js/hims-states.js,app.daycaredischargebilling,/daycaredischargebilling,DayCaredischargedpatientsListController
public/js/hims-states.js,app.daycarepatienttab,/daycarepatienttab/,daycarepatienttabController
public/js/hims-states.js,app.daycarepatienttab.daycarepatientdischarge,daycarepatientdischarge/,daycarepatientdischargeController
public/js/hims-states.js,app.daycarepatienttab.daycarepatients,daycarepatients/,daycarepatientsController
public/js/hims-states.js,app.daycarereport,/daycarereport,daycarereportController
public/js/hims-states.js,app.daycaretoadmissionpatient,/daycaretoadmissionpatient,daycaretoadmissionpatientController
public/js/hims-states.js,app.deathapproval,/deathapproval,DeathApprovalController
public/js/hims-states.js,app.defaultnoteslist,/defaultnoteslist,defaultnoteListController
public/js/hims-states.js,app.departmentlistreport,/departmentlistreport,DepartmentListReportController
public/js/hims-states.js,app.departmenttestwiserevenuereport,/departmenttestwiserevenuereport,departmenttestwiserevenuereportController
public/js/hims-states.js,app.departmentwisestatisticsreport,/departmentwisestatisticsreport,departmentwisestatisticsreportController
public/js/hims-states.js,app.dept,/dept,deptFormController
public/js/hims-states.js,app.depts,/depts,deptListController
public/js/hims-states.js,app.deseasedpatientreport,/deseasedpatientreport,deseasedpatientreportController
public/js/hims-states.js,app.detailbillcancelrequest,/detailbillcancelrequest/:id/:tp,detailipbillingrequestlistController
public/js/hims-states.js,app.devicemanufature,/devicemanufature,devicemanufactureListController
public/js/hims-states.js,app.deviceparameter,/deviceparameter,DeviceParameterListController
public/js/hims-states.js,app.diagnosis,/diagnosis,diagnosisListController
public/js/hims-states.js,app.diagnosiscoding,/diagnosiscoding,diagnosiscodingsController
public/js/hims-states.js,app.diagnosisform,/diagnosisform,diagnosisFormController
public/js/hims-states.js,app.diagnosissummaryforippatient,/diagnosissummaryforippatient,DiagnosisSummaryforIPPatientController
public/js/hims-states.js,app.dietbilling,/dietbilling/:id/:tp,dietBillingListController
public/js/hims-states.js,app.dietdashboard,/dietdashboard,dietdashboardController
public/js/hims-states.js,app.dietitems,/dietitems,dietitemListController
public/js/hims-states.js,app.dietreport,/dietreport,dietreportController
public/js/hims-states.js,app.direct-pharmacy-returns,/direct-pharmacy-returns/:id,directpharmacyreturnsController
public/js/hims-states.js,app.directbilling,/directbilling/:id/:tp,directBillingListController
public/js/hims-states.js,app.directbillreport,/directbillreport,DirectBillReportController
public/js/hims-states.js,app.directpharmacy-sales,/directpharmacy-sales/:id,pharmacydirectsalesController
public/js/hims-states.js,app.discharged-patients,/discharged-patients,dischargedpatientsbillingListController
public/js/hims-states.js,app.dischargenotes,/dischargenotes,dischargenoteListController
public/js/hims-states.js,app.dischargenotes,/dischargenotes,consultationsController
public/js/hims-states.js,app.dischargesummary-form,/dischargesummary-form/:id,dischargesummaryFormController
public/js/hims-states.js,app.dischargesummarys,/dischargesummarys,dischargesummaryListController
public/js/hims-states.js,app.discountapproval,/discountapprequestlist,discountapprequestlistController
public/js/hims-states.js,app.discountreports,/discountreports,DiscountReportController
public/js/hims-states.js,app.dispenseworklisttab,/dispenseworklisttab/:id,DispenseWorkListTabController
public/js/hims-states.js,app.dispenseworklisttab.dispenseworklists,/dispenseworklists,DispenseWorkListController
public/js/hims-states.js,app.dispenseworklisttab.patientdispenses,/patientdispenses,PatientDispenseListController
public/js/hims-states.js,app.districtmaster,/districtmasters,districtMasterListController
public/js/hims-states.js,app.division,/division,divisionlistController
public/js/hims-states.js,app.divisionform,/divisionform,divisionformController
public/js/hims-states.js,app.docdischargedpatient,/dashboarddischarge/:id,DischargedPatientsController
public/js/hims-states.js,app.doctorconsultant,/doctorconsultant,doctorconsultantController
public/js/hims-states.js,app.doctorconsultationtab,/doctorconsultationtab,DoctorConsultationTabController
public/js/hims-states.js,app.doctorconsultationtab.currentpatient-multi,/currentpatient-multi,DoccurrentpatientmultiController
public/js/hims-states.js,app.doctorconsultationtab.currentpatient-previous,/currentpatient-previous,DocPreviousPatientsController
public/js/hims-states.js,app.doctorconsultationtab.currentpatient-single,/currentpatientsingle,DoccurrentpatientsingleController
public/js/hims-states.js,app.doctordashboard,/doctordashboard,doctorDashboardController
public/js/hims-states.js,app.doctorfeedbackconfirmorder,/doctorfeedbackconfirmorder,doctorfeedbackconfirmorderController
public/js/hims-states.js,app.doctorinvoice,/doctorinvoice/:id,doctorInvoiceFormController
public/js/hims-states.js,app.doctorinvoicereport,/doctorinvoicereport,DoctorInvoiceReportController
public/js/hims-states.js,app.doctorinvoices,/doctorinvoices,doctorInvoiceListController
public/js/hims-states.js,app.doctorinvtds,/doctortdsreports,doctorInvoiceTdsController
public/js/hims-states.js,app.doctorlist,/doctorlist,DoctorListController
public/js/hims-states.js,app.doctorlistreport,/doctorlistreport,DoctorListReportController
public/js/hims-states.js,app.doctoronboard,/doctoronboard,DoctoronboardController
public/js/hims-states.js,app.doctorpayment,/doctorpayment/:id,doctorPaymentFormController
public/js/hims-states.js,app.doctorpaymentmodify,/doctorpaymentmodify/,drpaymentmodifylistController
public/js/hims-states.js,app.doctorpaymentmodifylistnepal,/doctorpaymentmodifylistnepal/,doctorpaymentnepalController
public/js/hims-states.js,app.doctorpaymentmodifynepal,/doctorpaymentmodifynepal/,drpaymentmodifynepallistController
public/js/hims-states.js,app.doctorpaymentreport,/doctorpaymentreport,DoctorPaymentReportController
public/js/hims-states.js,app.doctorpayments,/doctorpayments,doctorPaymentListController
public/js/hims-states.js,app.doctorpayoutapprovalforIP,/doctorpayoutapprovalip,doctorPayoutApprovalIPListController
public/js/hims-states.js,app.doctorpayoutforIP,/doctorpayoutip,doctorPayoutIPListController
public/js/hims-states.js,app.doctorpayoutforOP,/doctorpayoutop,doctorPayoutOPListController
public/js/hims-states.js,app.doctorreferralfeereport,/doctorreferralfeereport,doctorreferralfeereportController
public/js/hims-states.js,app.doctorreport,/doctorreport,doctorreportController
public/js/hims-states.js,app.doctorrevenuereport,/doctorrevenuereport,DoctorRevenueReportController
public/js/hims-states.js,app.doctorselectInfo,/doctorselectInfo,doctorselectInfoController
public/js/hims-states.js,app.doctorsharereferperformdetailsreport,/doctorsharereferperformdetailsreport,doctorsharereferperformdetailsreportController
public/js/hims-states.js,app.doctorsharesummaryreport,/doctorsharesummaryreport,doctorsharesummaryreportController
public/js/hims-states.js,app.doctortab,/doctortab,DoctorTabController
public/js/hims-states.js,app.doctortab.doccategorymap,/doccategorymap,DoctorCategorymapController
public/js/hims-states.js,app.doctortab.docconsultcharges,/docconsultcharges,DoctorConsultChargesController
public/js/hims-states.js,app.doctortab.docsessions,/docsessions,DoctorSessionListController
public/js/hims-states.js,app.doctortab.doctorform,/doctorform,DoctorFormController
public/js/hims-states.js,app.documentdashboard,/documentdashboard,documentdashboardController
public/js/hims-states.js,app.documentsform,/documentform/:id/:isViewMode,DocumentsFormController
public/js/hims-states.js,app.documentslist,/documentslist,DocumentsListController
public/js/hims-states.js,app.drfeemapping,/drfeemapping/,doctorShareListController
public/js/hims-states.js,app.drfeemappingform,/drfeemappingform,doctorShareFormController
public/js/hims-states.js,app.drshareitemwisecollectionsummaryip,/drshareitemwisecollectionsummaryip,drshareitemwisecollectionsummaryipController
public/js/hims-states.js,app.drshareitemwisecollectionsummaryop,/drshareitemwisecollectionsummaryop,drshareitemwisecollectionsummaryopController
public/js/hims-states.js,app.drsharerevenuesummarybycategory,/drsharerevenuesummarybycategory,drsharerevenuesummarybycategoryController
public/js/hims-states.js,app.drsharerevenuesummarybydepartment,/drsharerevenuesummarybydepartment,drsharerevenuesummarybydepartmentController
public/js/hims-states.js,app.drsharerevenuesummarybydoctor,/drsharerevenuesummarybydoctor,drsharerevenuesummarybydoctorController
public/js/hims-states.js,app.drugfrequencies,/drugfrequencies,drugFrequencyListController
public/js/hims-states.js,app.drugfrequencycategory,/drugfrequencycategory/:drugfrequencyid/:id,drugFrequencyCategoryFormController
public/js/hims-states.js,app.drugfrequencytab,/drugfrequencytab/:id,drugFrequencyTabController
public/js/hims-states.js,app.drugfrequencytab.details,/details,drugFrequencyFormController
public/js/hims-states.js,app.drugfrequencytab.frequencycategories,/categories,drugFrequencyCategoryListController
public/js/hims-states.js,app.drugs,/drugs,drugListController
public/js/hims-states.js,app.drugtab,/drug/:id,drugTabController
public/js/hims-states.js,app.drugtab.details,/details,drugFormController
public/js/hims-states.js,app.drugtab.dosagelimit,/dosagelimit/:dosagelimitid,dosageLimitFormController
public/js/hims-states.js,app.drugtab.dosagelimits,/dosagelimits,dosageLimitListController
public/js/hims-states.js,app.drugtab.drugalert,/drugalert/:drugalertid,drugAlertFormController
public/js/hims-states.js,app.drugtab.drugalerts,/drugalerts,drugAlertListController
public/js/hims-states.js,app.drugtab.drugdiagnosismap,/drugdiagnosismap,drugDiagnosisMapController
public/js/hims-states.js,app.drugtab.druginstructions,/druginstructions,drugInstructionListController
public/js/hims-states.js,app.drugtab.drugtallman,/drugtallman,drugTallManFormController
public/js/hims-states.js,app.dummyvisits,/additionalvisittab,dummyVisittabController
public/js/hims-states.js,app.dummyvisits.additionaliplaborder,/additionaliplaborder,dummyIPLabOrderController
public/js/hims-states.js,app.dummyvisits.additionalipvisit,/additionalipvisit,dummyIPVisitsController
public/js/hims-states.js,app.dummyvisits.additionalopvisit,/additionalopvisit,dummyOPVisitsController
public/js/hims-states.js,app.einvoice,/einvoice/,einvoiceListController
public/js/hims-states.js,app.einvoiceform,/einvoiceform/,einvoiceFormController
public/js/hims-states.js,app.emergencypatientreport,/emergencypatientreport,emergencypatientreportController
public/js/hims-states.js,app.emergencypatienttab,/emergencypatienttab/,EmergencyPatienttabController
public/js/hims-states.js,app.emergencypatienttab.emergencypatientlist,emergencypatientlist/,EmergencyPatientlistController
public/js/hims-states.js,app.emergencypatienttab.previousemergencypatientslist,previousemergencypatientslist/,PreviousEmergencyPatientslistController
public/js/hims-states.js,app.encdocupdate,/encdocupdate,encounterupdateListController
public/js/hims-states.js,app.estimationbillingForm,/estimationbillingform/:id,estimationbillingFormController
public/js/hims-states.js,app.estimationbillingList,/estimationbillinglist,estimationbillingListController
public/js/hims-states.js,app.eventdashboardtab,/eventdashboardtab/:id,eventdashboardTabController
public/js/hims-states.js,app.eventlogs,/eventlogs,outboundAllListController
public/js/hims-states.js,app.eventtemplate,/eventtemplate/:id,eventTemplateFormController
public/js/hims-states.js,app.eventtemplates,/eventtemplates,eventTemplateListController
public/js/hims-states.js,app.examinationmaster,/examinationmaster,ExaminationMasterListController
public/js/hims-states.js,app.exceluploads,/exceluploads,ExcelUploadsController
public/js/hims-states.js,app.executableprocedureslist,/executableprocedureslist,ExecutableProceduresListController
public/js/hims-states.js,app.expiryandnonmovements,/expiryandnonmovements/:id,ManageExpiryNonMovementController
public/js/hims-states.js,app.externallaborders,/externallaborders/:tp,ExternalOrdersListController
public/js/hims-states.js,app.externalprovider,/externalprovider,externalProviderListController
public/js/hims-states.js,app.externalprovidertab,/externalprovidertab/:id,externalProviderTabController
public/js/hims-states.js,app.externalprovidertab.externalproviders,/externalproviders,externalProviderFormController
public/js/hims-states.js,app.externalprovidertab.pricemapping,/pricemapping,priceMappingListController
public/js/hims-states.js,app.extravasationdetailed-form,/extravasationdetailed-form:id,ExtravasationDetailedFormController
public/js/hims-states.js,app.extravasationdetailed-list,/extravasationdetailed-list,ExtravasationDetailedListController
public/js/hims-states.js,app.facilityitemmasters,/facilityitemmasters,facilityitemMastersListController
public/js/hims-states.js,app.facilityitemmastertab,/facilityitemmastertab/:id,facilityitemMasterTabController
public/js/hims-states.js,app.facilityitemmastertab.facilitycssdgroupitems,/facilitycssdgroupitems,facilitycssdgroupitemsController
public/js/hims-states.js,app.facilityitemmastertab.facilitycssdsetup,/facilitycssdsetup,facilitycssdsetupController
public/js/hims-states.js,app.facilityitemmastertab.facilityitemmaster,/facilityitemmaster/:id,facilityitemMasterFormController
public/js/hims-states.js,app.facilityitemmastertab.facilityitemmastercontract,/facilityitemmastercontractlist,facilityitemmasterContractListController
public/js/hims-states.js,app.facilityitemmastertab.facilityitemmastercustomermappings,/facilityitemmastercustomermappings,facilityitemmasterCustomerMapListController
public/js/hims-states.js,app.facilityitemmastertab.facilityitemmasterfacilitymapping,"/facilityitemmasterfacilitymapping/:ItemCode, ItemName",facilityitemmasterFacilityMapController
public/js/hims-states.js,app.facilityitemmastertab.facilityitemmasterimage,/facilityitemmasterimage,facilityitemmasterImageController
public/js/hims-states.js,app.facilityitemmastertab.facilityitemmasterprice,/facilityitemmasterprice,facilityitemmasterpriceController
public/js/hims-states.js,app.facilityitemmastertab.facilityitemmasterstoremapping,"/facilityitemmasterstoremapping/:ItemCode, ItemName",facilityitemmasterStoreMapController
public/js/hims-states.js,app.facilityitemmastertab.facilityitemmasteruomconversion,"/facilityitemmasteruomconversion/:ItemCode, ItemName",facilityitemmasterUOMConversionController
public/js/hims-states.js,app.facilityitemmastertab.facilityitemmastervendormappings,/facilityitemmastervendormappings,facilityitemmasterVendorMapListController
public/js/hims-states.js,app.facilitypharmacyadmindashboard,/facilitypharmacyadmindashboard,facilitypharmacyadmindashboardController
public/js/hims-states.js,app.facilitys,/facilitys,facilityListController
public/js/hims-states.js,app.facilitystoredashboard,/facilitystoredashboard,facilitystoredashboardController
public/js/hims-states.js,app.facilitytab,/facility/:id,facilityTabController
public/js/hims-states.js,app.facilitytab.autogeneratecodesetting,/autogeneratecodesetting,autogeneratecodesettingFormController
public/js/hims-states.js,app.facilitytab.barcodesetting,/barcodesetting,barcodeSettingController
public/js/hims-states.js,app.facilitytab.billingsetting,/billingsetting,billingSettingFormController
public/js/hims-states.js,app.facilitytab.billsetting,/billsetting,billsettingFormController
public/js/hims-states.js,app.facilitytab.defaultservice,/defaultservice,facilityDefaultServieListController
public/js/hims-states.js,app.facilitytab.department,/department,facilityDeptMapController
public/js/hims-states.js,app.facilitytab.general,/general,facilityFormController
public/js/hims-states.js,app.facilitytab.generalsetting,/generalsetting,generalsettingFormController
public/js/hims-states.js,app.facilitytab.holidaysetting,/holidaysetting,facilityHolidayListController
public/js/hims-states.js,app.facilitytab.printsetting,/printsetting,printsettingFormController
public/js/hims-states.js,app.facilitytab.smssetting,/ smssetting,smssettingFormController
public/js/hims-states.js,app.facilitytab.smssettings,/smssettings,smssettingsFormController
public/js/hims-states.js,app.facilityvendormastertab.facilityvendormastercontact,/facilityvendormastercontact/:vendorcontactid,facilityvendormasterContactFormController
public/js/hims-states.js,app.facilityvendormastertab.facilityvendormastererpmapping,/facilityvendormastererpmapping/:vendorerpmapid,facilityvendormasterERPMapFormController
public/js/hims-states.js,app.favoritemaster,/favoritemaster/:id,favoriteMasterFormController
public/js/hims-states.js,app.favoritemasters,/favoritemasters,favoriteMasterListController
public/js/hims-states.js,app.feedback-analyzer,/feedback-analyzer,feedbacksAnalyzerController
public/js/hims-states.js,app.feedbackcategoryselection,/feedbackcategoryselection,FeedbackCategorySelectController
public/js/hims-states.js,app.feedbackdashboard,/feedbackdashboard,feedbackDashboardController
public/js/hims-states.js,app.feedbackdetailforopreport,/feedbackdetailforopreport,FeedbackdetailforOPReportController
public/js/hims-states.js,app.feedbackmasters,/feedbackmasters,feedbackListController
public/js/hims-states.js,app.feedbackquickregistration,/feedbackregistration,FeedbackRegistrationFormController
public/js/hims-states.js,app.feedbackreports,/feedbackreports,FeedbackReportController
public/js/hims-states.js,app.feedbacksummaryforipreport,/feedbacksummaryforipreport,feedbacksummaryforipreportController
public/js/hims-states.js,app.feedbacksummaryforopreport,/feedbacksummaryforopreport,feedbacksummaryforopreportController
public/js/hims-states.js,app.fileissues,/fileissues,FileReceiveController
public/js/hims-states.js,app.filerequest,/filerequest,filerequestController
public/js/hims-states.js,app.filetransfer,/filetransfer,FileTransferController
public/js/hims-states.js,app.financedashboard,/financedashboard,financedashboardController
public/js/hims-states.js,app.financereporttab,/financereporttab,financetabreportTabController
public/js/hims-states.js,app.financereporttab.collectionsummary,/collectionsummary,collectionsummaryController
public/js/hims-states.js,app.financereporttab.doctorinvoicereport,/doctorinvoicereport,doctorinvreportController
public/js/hims-states.js,app.financereporttab.doctorsharereport,/doctorsharereport,doctorsharereportController
public/js/hims-states.js,app.financereporttab.gsttaxreport,/gsttaxreport,gstreportController
public/js/hims-states.js,app.financereporttab.inventoryreport,/inventoryreport,inventoryreportController
public/js/hims-states.js,app.financereporttab.pharmacyreport,/pharmacyreport,pharmacyreportController
public/js/hims-states.js,app.financereporttab.revenuesummary,/revenuesummary,revenuesummaryreportController
public/js/hims-states.js,app.findreturn,/purchasereturn/:id,findreturnFormController
public/js/hims-states.js,app.frequencies,/frequencies,frequencyMasterListController
public/js/hims-states.js,app.frequencytab,/frequencytab/:id,frequencyTabController
public/js/hims-states.js,app.frequencytab.details,/frequency/:id,frequencyMasterFormController
public/js/hims-states.js,app.frequencytab.frequencycategories,/categories,frequencyCategoryListController
public/js/hims-states.js,app.frequencytab.frequencycategory,/frequencycategory/:frequencyid/:id,frequencyCategoryFormController
public/js/hims-states.js,app.frontdashboard,/frontdashboard,frontDashboardController
public/js/hims-states.js,app.fullregistration,/fullregistration,fullRegistrationFormController
public/js/hims-states.js,app.fullregistrationtab,/fullregistrationtab/:id,fullRegistrationTabController
public/js/hims-states.js,app.fullregistrationtab.auditlog,/auditlog,auditlogListController
public/js/hims-states.js,app.fullregistrationtab.basic,/basic,fullRegistrationFormController
public/js/hims-states.js,app.fullregistrationtab.familylink,/familylink,familylinkingController
public/js/hims-states.js,app.fullregistrationtab.patientguarantor,/guarantor,patientguarantorListController
public/js/hims-states.js,app.fullregistrationtab.patientidentity,/patientidentity/:patientidentityid,patientidentityFormController
public/js/hims-states.js,app.fullregistrationtab.patientids,/patientidentities,patientidentityListController
public/js/hims-states.js,app.fullregistrationtab.patientkin,/patientkin/:patientkinid,patientkinFormController
public/js/hims-states.js,app.fullregistrationtab.patientkins,/patientkins,patientkinListController
public/js/hims-states.js,app.futureappointments,/futureappointments,FutureAppointmentsController
public/js/hims-states.js,app.gatepass,/gatepass,GatePassListController
public/js/hims-states.js,app.gatepassform,/gatepassform,GatePassFormController
public/js/hims-states.js,app.generalexpensereport,/generalexpensereport,generalexpensereportController
public/js/hims-states.js,app.generalexpenses,/General Expenses/:id,GeneralExpensesListController
public/js/hims-states.js,app.generalgrn,/generalgrn/:id,GeneralGRNFormController
public/js/hims-states.js,app.generalgrns,/generalgrns,GeneralGRNsListController
public/js/hims-states.js,app.genericmasterreport,/genericmasterreport,GenericMasterReportController
public/js/hims-states.js,app.generics,/generics,genericListController
public/js/hims-states.js,app.genericwicestockstatus,/genericwicestockstatus/:id,GenericWiseStockStatusController
public/js/hims-states.js,app.grn,/grn/:id,GRNFormController
public/js/hims-states.js,app.grnamendment,/grnamendment:id,GRNAmendmentController
public/js/hims-states.js,app.grnreport,/grnreport,GRNReportController
public/js/hims-states.js,app.grnreportbyitem,/grnreportbyitem,GrnReportByItemController
public/js/hims-states.js,app.grns,/grns,GRNsListController
public/js/hims-states.js,app.groups,/groups,groupListController
public/js/hims-states.js,app.grouptab,/group/:id,groupTabController
public/js/hims-states.js,app.grouptab.facility,/facilities,groupFacilityMapController
public/js/hims-states.js,app.grouptab.general,/general,groupFormController
public/js/hims-states.js,app.grouptab.role,/roles,groupRoleMapController
public/js/hims-states.js,app.gstmaster,/gstmaster/:id,gstMasterFormController
public/js/hims-states.js,app.gstmasters,/gstmasters,gstMastersListController
public/js/hims-states.js,app.guarantors,/guarantors,guarantorListController
public/js/hims-states.js,app.guarantortab,/guarantor/:gid,guarantorTabController
public/js/hims-states.js,app.guarantortab.general,/general,guarantorFormController
public/js/hims-states.js,app.guarantortab.guarantoragreements,/guarantoragreement,guarantoragreementFormController
public/js/hims-states.js,app.guarantortab.guarantorcardtypes,/guarantorcardtype,guarantorCardTypeController
public/js/hims-states.js,app.guarantortab.guarantorchecklist,/guarantorchecklist,guarantorchecklistFormController
public/js/hims-states.js,app.guarantortab.guarantorcustomercards,/guarantorcustomercard,guarantorcustomercardListController
public/js/hims-states.js,app.guarantortab.guarantorcustomers,/guarantorcustomer,guarantorcustomerListController
public/js/hims-states.js,app.guarantortab.guarantorgst,/gst,guarantorgstFormController
public/js/hims-states.js,app.guarantortab.guarantorsupplementarydrugs,/guarantorsupplementarydrugs,guarantorsupplementaryDrugsFormController
public/js/hims-states.js,app.guarantortab.guarantorsupplementaryservices,/guarantorsupplementaryservices,guarantorsupplementaryServicesFormController
public/js/hims-states.js,app.helpdesk,/helpdesk,helpdeskController
public/js/hims-states.js,app.housekeeprequest,/housekeeprequest/:id/:eid/:pid,housekeepRequestFormController
public/js/hims-states.js,app.housekeeprequests,/housekeeprequests,housekeepRequestListController
public/js/hims-states.js,app.hrdashboard,/hrdashboard,hrDashboardController
public/js/hims-states.js,app.hrms,/hrms,HrmsController
public/js/hims-states.js,app.immunizations,/immunizations,immunizationListController
public/js/hims-states.js,app.immunizationschedule,/immunizationschedule,immunizationScheduleListController
public/js/hims-states.js,app.inactivepatientreport,/inactivepatientreport,InActivePatientReportController
public/js/hims-states.js,app.incidentmanagementlist,/incidentmanagementlist,incidentmanagementlistController
public/js/hims-states.js,app.incidentreporting-form,/incidentreporting-form:id,IncidentReportingFormController
public/js/hims-states.js,app.incidentreporting-list,/incidentreporting-list,IncidentReportingListController
public/js/hims-states.js,app.indentlistforotherbranchtab,/indentlistforotherbranchtab/:id,IndentlistforotherbranchTabController
public/js/hims-states.js,app.indentlistforotherbranchtab.indentlistforotherbranch,/indentlistforotherbranch/:id,IndentlistforotherbranchController
public/js/hims-states.js,app.indentlistforotherbranchtab.stocktransfersotherbranch,/stocktransfersotherbranch/:id,StockTransferlistsotherbranchController
public/js/hims-states.js,app.inpatient-billing,/inpatients,inpatientsBillListController
public/js/hims-states.js,app.inpatientlist,/inpatientlist,inpatienttListController
public/js/hims-states.js,app.inpatienttab,/inpatient,inpatientTabController
public/js/hims-states.js,app.inpatienttab.allinpatient,/allinpatient,allinpatientsController
public/js/hims-states.js,app.inpatienttab.myinpatient,/myinpatient,myinpatientsController
public/js/hims-states.js,app.inpatienttab.patientdischarge,/patientdischarge,patientdischargeListController
public/js/hims-states.js,app.insuranceagingreport,/insuranceagingreport,insuranceagingreportController
public/js/hims-states.js,app.insurancecreditsummary,/insurancecreditsummary,InsuranceCreditSummaryController
public/js/hims-states.js,app.insurancedisallowancereport,/insurancedisallowancereport,insurancedisallowancereportController
public/js/hims-states.js,app.insurancelistreport,/insurancelistreport,InsuranceListReportController
public/js/hims-states.js,app.insurancemasterexcelupload,/insurancemasterexcelupload,InsuranceMasterExceluploadController
public/js/hims-states.js,app.insuranceoutstandingsummary,/insuranceoutstandingsummary,InsuranceOutstandingSummaryController
public/js/hims-states.js,app.insurancepaymentdetailswithpatient,/insurancepaymentdetailswithpatient,insurancepaymentdetailswithpatientController
public/js/hims-states.js,app.insurancereceiptreport,/insurancereceiptreport,insurancereceiptreportController
public/js/hims-states.js,app.insurancetdsreport,/insurancetdsreport,insurancetdsreportController
public/js/hims-states.js,app.insuranceupdate,/insuranceupdatelist/:id/:tp,InsuranceUpdateListController
public/js/hims-states.js,app.insuranceupdateform,/insuranceupdateform/:id/:tp,InsuranceUpdateFormController
public/js/hims-states.js,app.investigationtrackingtab,/investigationtrackingtab/:tp,investigationtrackingtabController
public/js/hims-states.js,app.investigationtrackingtab.completeorder,/completeorder/:tp,completeinvestigationtrackingController
public/js/hims-states.js,app.investigationtrackingtab.pendingorder,/pendingorder/:tp,pendinginvestigationtrackingController
public/js/hims-states.js,app.invoicereceiptataccountform,/invoicereceiptataccountform/:id,InvoicereceiptataccountFormController
public/js/hims-states.js,app.invoicereceiptataccountlist,/invoicereceiptataccountlist,InvoicereceiptataccountListController
public/js/hims-states.js,app.invoicesubmissionform,/invoicesubmissionform/:id,InvoicesubmissionFormController
public/js/hims-states.js,app.invoicesubmissionlist,/invoicesubmissionlist,InvoicesubmissionListController
public/js/hims-states.js,app.invoicesummarybysupplier,/invoicesummarybysupplier,InvoiceSummaryBySupplierController
public/js/hims-states.js,app.invworkorderform,/invworkorderform/:id,WorkOrderFormController
public/js/hims-states.js,app.invworkorderform-amendment,/invworkorderform-amendment/:id,WorkOrderAmendFormController
public/js/hims-states.js,app.invworkorderlist,/invworkorderlist,WorkOrdersListController
public/js/hims-states.js,app.ip-pharmacy-returns,/ip-pharmacy-returns/:id,ippharmacyreturnsController
public/js/hims-states.js,app.ip-pharmacy-sales,/ip-pharmacy-sales/:id,ippharmacysalesController
public/js/hims-states.js,app.ipadmissioninsurancereport,/ipadmissioninsurancereport,IPAdmissionInsuranceReportController
public/js/hims-states.js,app.ipadmissionreport,/ipadmissionreport,IPAdmissionReportController
public/js/hims-states.js,app.ipadmissionsummarybydoctor,/ipadmissionsummarybydoctor,IPAdmissionSummaryByDoctorController
public/js/hims-states.js,app.ipadmissionsummarybyinsurance,/ipadmissionsummarybyinsurance,IPAdmissionSummaryByInsuranceController
public/js/hims-states.js,app.ipbilling-listtab,/ipbillingtab-list/:id,ipbillinglistTabController
public/js/hims-states.js,app.ipbilling-listtab.dischargedpatients,/discharged-patients,dischargedpatientsListController
public/js/hims-states.js,app.ipbillingcollections,/ipbillingcollections,ipbillingcollectionsController
public/js/hims-states.js,app.ipbillingrequestlist,/ipbillingrequestlist/:id/:tp,ipbillingrequestlistController
public/js/hims-states.js,app.ipbillingtab,/ipbillingtab/:id,ipbillingTabController
public/js/hims-states.js,app.ipbillingtab.billdetails,/ipbilldetails,ipbilldetailsListController
public/js/hims-states.js,app.ipbillingtab.insurancebill,/insurancebill,insurancebillController
public/js/hims-states.js,app.ipbillingtab.ipfundlist,/ipfundlist,IPFundListController
public/js/hims-states.js,app.ipbillingtab.pharmacybillmodify,/pharmacybill-modify,PharmacybillmodifyController
public/js/hims-states.js,app.ipbillingtab.receipts,/receipts,ipreceiptListController
public/js/hims-states.js,app.ipbillingtab.refund,/refund,refundFormController
public/js/hims-states.js,app.ipbillingtab.refunds,/refunds,iprefundListController
public/js/hims-states.js,app.ipbillingtab.simplebillview,/simplebillview,simplebillController
public/js/hims-states.js,app.ipbillingtab.summary,/summary,summaryListController
public/js/hims-states.js,app.ipbillmodificationtab,/ipbillmodificationtab/:id,IPBillmodificationTabController
public/js/hims-states.js,app.ipbillmodificationtab.ipbill-list,/ipbill-list,IPBillListController
public/js/hims-states.js,app.ipbillmodificationtab.ipbillmodification-form,/ipbillmodification-form,IPBillModificationFormController
public/js/hims-states.js,app.ipbillmodificationtab.ipbillmodification-list,/ipbillmodification-list,IPBillModificationListController
public/js/hims-states.js,app.ipbillmodificationtab.ipbillmodification-view,/ipbillmodification-view,IPBillModificationViewController
public/js/hims-states.js,app.ipbillreport,/ipbillreport,IPBillReportController
public/js/hims-states.js,app.ipcancelreport,/ipcancelreport,IPCancelReportController
public/js/hims-states.js,app.ipclearence,/ipclearence,ipclearenceListController
public/js/hims-states.js,app.ipcollectiondetailbycashierreport,/ipcollectiondetailbycashierreport,IPCollectionDetailByCashierReportController
public/js/hims-states.js,app.ipcollectionsreport,/ipcollectionsreport,IPCollectionsReportController
public/js/hims-states.js,app.ipcollectionsummarybycashier,/ipcollectionsummarybycashier,IPCollectionSummaryByCashierController
public/js/hims-states.js,app.ipcreditreport,/ipcreditreport,ipcreditreportController
public/js/hims-states.js,app.ipdashboard,/ipdashboard,IpDashboardController
public/js/hims-states.js,app.ipdischargedpatients,/ipdischargedpatients,ipDischargedpatientsListController
public/js/hims-states.js,app.ipdischargereport,/ipdischargereport,IPDischargeReportController
public/js/hims-states.js,app.ipdiscountreport,/ipdiscountreport ,IPdiscountreportController
public/js/hims-states.js,app.ipduecollectreport,/ipduecollectreport,ipduecollectreportController
public/js/hims-states.js,app.ipduereportprivate,/ipduereportforprivate,IPDueReportController
public/js/hims-states.js,app.ipfiletransferreceive,/ipfiletransferreceive,IPfiletransferReceiveListController
public/js/hims-states.js,app.ipfiletransferreceiveform,/ipfiletransferreceiveform,IPfiletransferReceiveFormController
public/js/hims-states.js,app.ipinsurancereport,/ipinsurancereport,ipinsurancereportController
public/js/hims-states.js,app.ipmrdfilerequest,/ipmrdfilerequest,MRDFileRequestListController
public/js/hims-states.js,app.ipmrdfilerequestapprove,/ipmrdfilerequestapprove,MRDFileRequestApprovedListController
public/js/hims-states.js,app.ipmrdfilerequestapproveform,/ipmrdfilerequestapproveform,MRDFileRequestApprovedFormController
public/js/hims-states.js,app.ipmrdfilerequestform,/ipmrdfilerequestform,MRDFileRequestFormController
public/js/hims-states.js,app.ipmrdfiletransfer,/ipmrdfiletransfer,MRDFileTransferListController
public/js/hims-states.js,app.ipmrdfiletransferform,/ipmrdfiletransferform,MRDFileTransferFormController
public/js/hims-states.js,app.ipoccupancybyward,/ipoccupancybyward,IPOccupancyByWardController
public/js/hims-states.js,app.ipoccupancyreport,/ipoccupancyreport,IPOccupancyReportController
public/js/hims-states.js,app.ipoccupancyreportwithadvance,/ipoccupancyreportwithadvance,ipoccupancyreportwithadvanceController
public/js/hims-states.js,app.ipopreportstab,/ipopreportstab,ipopreportstabController
public/js/hims-states.js,app.ipopreportstab.inpatientreport,/inpatientreport,inpatientreportController
public/js/hims-states.js,app.ipopreportstab.masterreport,/masterreport,masterreportController
public/js/hims-states.js,app.ipopreportstab.outpatientreport,/outpatientreport,outpatientreportController
public/js/hims-states.js,app.ippatient-feedback,/ippatient-feedback,ippatientfeedbacksListController
public/js/hims-states.js,app.ippharmacycleararnce,/ippharmacycleararnce/:id,pharmacyclearanceFormController
public/js/hims-states.js,app.ippharmacyissuevoucherreport,/ippharmacyissuevoucherreport,IPPharmacyIssueVoucherReportController
public/js/hims-states.js,app.ippharmacyreturnvoucherreport,/ippharmacyreturnvoucherreport,IPPharmacyReturnVoucherReportController
public/js/hims-states.js,app.ipreferraldoctorreport,/ipreferraldoctorreport,IPReferralDoctorReportController
public/js/hims-states.js,app.iprefundreport,/iprefundreport,IPRefundReportController
public/js/hims-states.js,app.ipreturn,/patientreturn/:id,PatientReturnFormController
public/js/hims-states.js,app.ipreturns,/patientreturns,PatientReturnsListController
public/js/hims-states.js,app.ipsalesreport,/ipsalesreport,IPSalesReportController
public/js/hims-states.js,app.ipserviceitemreport,/ipserviceitemreport,IPserviceItemReportController
public/js/hims-states.js,app.ipstatisticsbyward,/ipstatisticsbyward,ipstatisticsbywardController
public/js/hims-states.js,app.ipstatisticsreport,/ipstatisticsreport,ipstatisticsreportController
public/js/hims-states.js,app.irdsalesreport,/irdsalesreport,irdsalesreportController
public/js/hims-states.js,app.itemcategory,/itemcategory/:id,itemCategoryFormController
public/js/hims-states.js,app.itemcategorys,/itemcategorys,itemCategorysListController
public/js/hims-states.js,app.itemmasterbybranch,/itemmasterbybranch,itemMasterFormBybranchController
public/js/hims-states.js,app.itemmasterexcelupload,/itemmasterexcelupload,ItemMasterExceluploadController
public/js/hims-states.js,app.itemmasterformtab,/itemmasterformtab/:id,newitemMasterTabController
public/js/hims-states.js,app.itemmasterformtab.cssdgroupitems,/cssdgroupitems,cssdgroupitemsController
public/js/hims-states.js,app.itemmasterformtab.cssdsetup,/cssdsetup,cssdsetupController
public/js/hims-states.js,app.itemmasterformtab.itemmasterform,/newitemmaster/:id,newitemMasterFormController
public/js/hims-states.js,app.itemmasterformtab.itemmasterformcontract,/newitemmasterformcontractlist,newitemmasterContractListController
public/js/hims-states.js,app.itemmasterformtab.itemmasterformcontractform,/newitemmasterformcontractform,newitemmasterContractFormController
public/js/hims-states.js,app.itemmasterformtab.itemmasterformcustomermappings,/newitemmasterformcustomermappings,newitemmasterCustomerMapListController
public/js/hims-states.js,app.itemmasterformtab.itemmasterformfacilitymapping,"/newitemmasterformfacilitymapping/:ItemCode, ItemName",newitemmasterFacilityMapController
public/js/hims-states.js,app.itemmasterformtab.itemmasterformimage,/newitemmasterformimage,newitemmasterImageController
public/js/hims-states.js,app.itemmasterformtab.itemmasterformprice,/newitemmasterformprice,newitemmasterpriceController
public/js/hims-states.js,app.itemmasterformtab.itemmasterformstoremapping,"/newitemmasterformstoremapping/:ItemCode, ItemName",newitemmasterStoreMapController
public/js/hims-states.js,app.itemmasterformtab.itemmasterformuomconversion,"/newitemmasterformuomconversion/:ItemCode, ItemName",newitemmasterUOMConversionController
public/js/hims-states.js,app.itemmasterformtab.itemmasterformvendormappings,/newitemmasterformvendormappings,newitemmasterVendorMapListController
public/js/hims-states.js,app.itemmasterreport,/itemmasterreport,ItemMasterReportController
public/js/hims-states.js,app.itemmasters,/itemmasters,itemMastersListController
public/js/hims-states.js,app.itemmasters-list,/itemmasters-list,newitemMastersListController
public/js/hims-states.js,app.itemmastersbybranch,/itemmastersbybranch,itemMastersBybranchController
public/js/hims-states.js,app.itemmastersgeneral,/itemmastersgeneral,generalitemMastersListController
public/js/hims-states.js,app.itemmastertab,/itemmasterformtab/:id,itemMasterTabController
public/js/hims-states.js,app.itemmastertab.cssdgroupitems,/cssdgroupitems,cssdgroupitemsController
public/js/hims-states.js,app.itemmastertab.cssdsetup,/cssdsetup,cssdsetupController
public/js/hims-states.js,app.itemmastertab.itemmaster,/itemmaster/:id,itemMasterFormController
public/js/hims-states.js,app.itemmastertab.itemmastercontract,/itemmastercontractlist,itemmasterContractListController
public/js/hims-states.js,app.itemmastertab.itemmastercontractform,/itemmastercontractform,itemmasterContractFormController
public/js/hims-states.js,app.itemmastertab.itemmastercustomermappings,/itemmastercustomermappings,itemmasterCustomerMapListController
public/js/hims-states.js,app.itemmastertab.itemmasterfacilitymapping,"/itemmasterfacilitymapping/:ItemCode, ItemName",itemmasterFacilityMapController
public/js/hims-states.js,app.itemmastertab.itemmasterimage,/itemmasterimage,itemmasterImageController
public/js/hims-states.js,app.itemmastertab.itemmasterprice,/itemmasterprice,itemmasterpriceController
public/js/hims-states.js,app.itemmastertab.itemmasterstoremapping,"/itemmasterstoremapping/:ItemCode, ItemName",itemmasterStoreMapController
public/js/hims-states.js,app.itemmastertab.itemmasteruomconversion,"/itemmasteruomconversion/:ItemCode, ItemName",itemmasterUOMConversionController
public/js/hims-states.js,app.itemmastertab.itemmastervendormappings,/itemmastervendormappings,itemmasterVendorMapListController
public/js/hims-states.js,app.itemmastertabgeneral,/itemmastertabgeneral/:id,generalitemMasterTabController
public/js/hims-states.js,app.itemmastertabgeneral.itemmasterfacilitymappinggeneral,"/itemmasterfacilitymappinggeneral/:ItemCode, ItemName",generalitemmasterFacilityMapController
public/js/hims-states.js,app.itemmastertabgeneral.itemmastergeneral,/itemmaster/:id,generalitemMasterFormController
public/js/hims-states.js,app.itemmastertabgeneral.itemmasterstoremappinggeneral,"/itemmasterstoremapping/:ItemCode, ItemName",generalitemmasterStoreMapController
public/js/hims-states.js,app.itemmastertabgeneral.itemmasteruomconversiongeneral,"/itemmasteruomconversiongeneral/:ItemCode, ItemName",generalitemmasterUOMConversionController
public/js/hims-states.js,app.itemmastertabgeneral.itemmastervendormappingsgeneral,/itemmastervendormappingsgeneral,generalitemmasterVendorMapListController
public/js/hims-states.js,app.itempricedetailsreport,/itempricedetailsreport,ItemPriceDetailsController
public/js/hims-states.js,app.itempricemasterexcelupload,/itempricemasterexcelupload,ItemPriceMasterExceluploadController
public/js/hims-states.js,app.itemrackmapping,/itemrackmapping,itemrackmappingListController
public/js/hims-states.js,app.itemreorderlistreport,/itemreorderlistreport,ItemReorderListReportController
public/js/hims-states.js,app.itemrolsetupreport,/itemrolsetupreport,itemrolsetupreportController
public/js/hims-states.js,app.itemstoremap,/itemstoremap,itemmasterStoreMapController
public/js/hims-states.js,app.itemsubcategory,/itemsubcategory/:id,itemSubCategoryFormController
public/js/hims-states.js,app.itemsubcategorys,/itemsubcategorys,itemSubCategorysListController
public/js/hims-states.js,app.itemvendorprice,/itemvendorprice,itemvendorpriceController
public/js/hims-states.js,app.itemwantedlist,/itemwantedlist,itemwantedlistReportController
public/js/hims-states.js,app.itemwisecollectionsummaryipreport,/itemwisecollectionsummaryipreport,itemwisecollectionSummaryIPReportController
public/js/hims-states.js,app.itemwisecollectionsummaryopandipreport,/itemwisecollectionsummaryopandipreport,itemwisecollectionsummaryopandipreportController
public/js/hims-states.js,app.itemwisecollectionsummaryopreport,/itemwisecollectionsummaryopreport,itemwisecollectionSummaryOPReportController
public/js/hims-states.js,app.itemwisesalesprofitreport,/itemwisesalesprofitreport,itemwisesalesprofitreportController
public/js/hims-states.js,app.ivfregistrationtab,/ivfregistrationtab/:id,ivfRegistrationTabController
public/js/hims-states.js,app.ivfregistrationtab.basic,/basic,ivfRegistrationFormController
public/js/hims-states.js,app.ivfregistrationtab.spousereg,/spousereg,ivfSpouseRegistrationFormController
public/js/hims-states.js,app.kitchenworkform,/kitchenworkform/:id,kitchenworkFormController
public/js/hims-states.js,app.kitchenworklist,/kitchenworklist,kitchenworkListController
public/js/hims-states.js,app.labanalyticaldashboard,/labanalyticaldashboard,labanalyticaldashboardController
public/js/hims-states.js,app.labcenterprofile,/labcenterprofile,labcenterListController
public/js/hims-states.js,app.labcenterprofiletab,/labcenterprofiletab/:tp/:id,LabCenterProfileTabController
public/js/hims-states.js,app.labcenterprofiletab.labcenterprofile,/labcenterprofile/:tp,LabCenterProfileFormController
public/js/hims-states.js,app.labcenterprofiletab.labcenterslots,/labcenterslots,LabCenterSlotsController
public/js/hims-states.js,app.labcenterprofiletab.labcenterslotslist,/labcenterslotslist,LabCenterSlotListController
public/js/hims-states.js,app.labcenterprofiletab.labcentertestlist,/labcentertestlist,LabCenterTestListController
public/js/hims-states.js,app.labcriticals,/labcriticals,LabCriticalValuesController
public/js/hims-states.js,app.labdashboard,/labdashboard,LabDashBoardController
public/js/hims-states.js,app.laborderdetailreport,/laborderdetailreport,LabOrderDetailReportController
public/js/hims-states.js,app.labparametermasterexcelupload,/labparametermasterexcelupload,LabParameterMasterExceluploadController
public/js/hims-states.js,app.labredoreport,/labredoreport,labredoreportController
public/js/hims-states.js,app.labreports,/labreports,LabReportController
public/js/hims-states.js,app.labresults,/labresults,patientLabResultController
public/js/hims-states.js,app.labrevenuereport,/labrevenuereport,labrevenuereportController
public/js/hims-states.js,app.labstatisticssummaryreport,/labstatisticssummaryreport,LabStatisticsSummaryReportController
public/js/hims-states.js,app.labsummarybysample,/labsummarybysample,LabSummaryBySampleController
public/js/hims-states.js,app.labsummarybytest,/labsummarybytest,LabSummaryByTestController
public/js/hims-states.js,app.labsummaryreports,/labsummaryreports,LabsummaryReportController
public/js/hims-states.js,app.labtatreport,/labtatreport,LabTATReportController
public/js/hims-states.js,app.lhrcvoucher,/lhrcvoucher,LHRCVoucherListController
public/js/hims-states.js,app.lisregistration,/lisregistration,LisRegistrationController
public/js/hims-states.js,app.location-list,/location-list,locationListController
public/js/hims-states.js,app.managedevices,/managedevices,manageDeviceListController
public/js/hims-states.js,app.manufacturermasterreport,/manufacturermasterreport,ManufacturerMasterReportController
public/js/hims-states.js,app.marketingdashboard,/marketingdashboard,marketingdashboardController
public/js/hims-states.js,app.medicalmasterdashboard,/medicalmasterdashboard,MedicalmasterDashboardController
public/js/hims-states.js,app.medicineexpiredreport,/medicineexpiredreport,MedicineExpiredReportController
public/js/hims-states.js,app.medicineexpiryreport,/medicineexpiryreport,MedicineExpiryReportController
public/js/hims-states.js,app.medicineorderlisttab,/medicineorderlisttab,MedicineOrderListTabController
public/js/hims-states.js,app.medicineorderlisttab.completeorder,/medicineorderlisttab.completeorder,VirtualMedicineOrderCompleteOrderController
public/js/hims-states.js,app.medicineorderlisttab.medicineorderform,/medicineorderlisttab.medicineorderform,MedicineOrderFormController
public/js/hims-states.js,app.medicineorderlisttab.pendingorder,/medicineorderlisttab.pendingorder,VirtualMedicineOrderPendingOrderController
public/js/hims-states.js,app.messages,/messages,SendmessagesController
public/js/hims-states.js,app.mlcpatientlistreport,/mlcpatientlistreport,mlcpatientlistreportController
public/js/hims-states.js,app.mlcreport,/mlcreport,mlcreportController
public/js/hims-states.js,app.mock,/external/:code,mockController
public/js/hims-states.js,app.module,/module:id,moduleFormController
public/js/hims-states.js,app.modules,/modules,moduleListController
public/js/hims-states.js,app.monthlysalesandrevenuedetails,/monthlysalesandrevenuedetails,monthlysalesandrevenuedetailsController
public/js/hims-states.js,app.mrdfileassignment,/mrdfileassignment,MrdFileAssignmentController
public/js/hims-states.js,app.mrdfilereceiveform,/mrdfilereceiveform,MRDFileReceiveFormController
public/js/hims-states.js,app.mrdfilereceivelist,/mrdfilereceivelist,MRDFileReceiveListController
public/js/hims-states.js,app.mrdfilereturnform,/mrdfilereturnform,MRDFileReturnsFormController
public/js/hims-states.js,app.mrdfilereturns,/mrdfilereturns,MRDFileReturnsListController
public/js/hims-states.js,app.mrdfilestatus,/mrdfilestatus,MrdFileStatusController
public/js/hims-states.js,app.mrdfilesubmitdetailsreport,/mrdfilesubmitdetailsreport,mrdfilesubmitdetailsreportController
public/js/hims-states.js,app.mrdfileupload,/mrdfileupload,MRDFileUploadListController
public/js/hims-states.js,app.mrdreceive,/mrdreceive,ReceiveatMrdController
public/js/hims-states.js,app.mrdreports,/mrdreports,mrdreportsController
public/js/hims-states.js,app.multifacilityusers,/multifacilityusers,MultiFaciltyyuserListController
public/js/hims-states.js,app.multifacilityusersform,/multifacilityusersform,MultiFaciltyyuserFormController
public/js/hims-states.js,app.multipackage,/app.multipackage/:id,NewpackageFormController
public/js/hims-states.js,app.multipackages,/multipackages,NewpackageListController
public/js/hims-states.js,app.multitariffpackage,/app.multitariffpackage/:id,NewpackageTariffFormController
public/js/hims-states.js,app.myincidentlist,/myincidentlist,myincidentlistController
public/js/hims-states.js,app.mytasklist,/mytasklist,mytasklistController
public/js/hims-states.js,app.newassetapproved,/newassetapproved,NewAssetApprovedListController
public/js/hims-states.js,app.newassetdashboard,/Assetdashboard,newassetdashboard
public/js/hims-states.js,app.newassetdashboard,/assetdashboardnew,newassetdashboardController
public/js/hims-states.js,app.newassetrequestreport,/newassetrequestreport,newassetrequestreportController
public/js/hims-states.js,app.newassetrequests,/newassetrequests,NewAssetRequestListController
public/js/hims-states.js,app.newitemmastersgeneral,/newitemmastersgeneral,newgeneralitemMastersListController
public/js/hims-states.js,app.newitemmastertabgeneral,/newitemmastertabgeneral/:id,newgeneralitemMasterTabController
public/js/hims-states.js,app.newitemmastertabgeneral.itemmasterfacilitymappinggeneral,"/newitemmasterfacilitymappinggeneral/:ItemCode, ItemName",newgeneralitemmasterFacilityMapController
public/js/hims-states.js,app.newitemmastertabgeneral.itemmastergeneral,/newitemmaster/:id,newgeneralitemMasterFormController
public/js/hims-states.js,app.newitemmastertabgeneral.itemmasterstoremappinggeneral,"/newitemmasterstoremapping/:ItemCode, ItemName",newgeneralitemmasterStoreMapController
public/js/hims-states.js,app.newitemmastertabgeneral.itemmasteruomconversiongeneral,"/newitemmasteruomconversiongeneral/:ItemCode, ItemName",newgeneralitemmasterUOMConversionController
public/js/hims-states.js,app.newitemmastertabgeneral.itemmastervendormappingsgeneral,/newitemmastervendormappingsgeneral,newgeneralitemmasterVendorMapListController
public/js/hims-states.js,app.newregistration,/newregistration,PatientServicesNewRegController
public/js/hims-states.js,app.newreports,/newreports,newreportsController
public/js/hims-states.js,app.newvendormastersgeneral,/newvendormastersgeneral,newgeneralvendorMastersListController
public/js/hims-states.js,app.newvendormastertabgeneral,/newvendormastertabgeneral/:id,newgeneralvendorMasterTabController
public/js/hims-states.js,app.newvendormastertabgeneral.vendormasterfacilitymappinggeneral,/newvendormasterfacilitymappinggeneral,newgeneralvendormasterFacilityMapController
public/js/hims-states.js,app.newvendormastertabgeneral.vendormastergeneral,/newvendormastergeneral/:id,newgeneralvendorMasterFormController
public/js/hims-states.js,app.notetemplates,/notetemplates,notetemplateListController
public/js/hims-states.js,app.notifiablediseasesview,/notifiablediseasesview,NotifiableDiseasesViewController
public/js/hims-states.js,app.notifyincompletefilereport,/notifyincompletefilereport,notifyincompletefilereportController
public/js/hims-states.js,app.nursingdashboard,/nursingdashboard,NursingDashboardController
public/js/hims-states.js,app.nursingreport,/nursingreport,nursingreportController
public/js/hims-states.js,app.occupation,/occupationmasters,occupationListController
public/js/hims-states.js,app.onlineconsent-form,/onlineconsent-form,onlineConsentFormController
public/js/hims-states.js,app.opbilling-estimate,/opbilling-estimate/:id/:tp,opbillingEstListController
public/js/hims-states.js,app.opbilling-list,/opbilling-list/:id/:tp,opbillingListController
public/js/hims-states.js,app.opbillingcollections,/opbillingcollections,billingcollectionsController
public/js/hims-states.js,app.opbillmodificationtab,/opbillmodificationtab/:id,OPBillmodificationTabController
public/js/hims-states.js,app.opbillmodificationtab.opbill-list,/opbill-list,OPBillListController
public/js/hims-states.js,app.opbillmodificationtab.opbillmodification-list,/opbillmodification-list,OPBillModificationListController
public/js/hims-states.js,app.opbillmodificationtab.opbillmodifyform,/opbillmodifyform,opbillmodifyFormController
public/js/hims-states.js,app.opbillmodificationtab.opbillmodifyview,/opbillmodifyview,opbillmodifyViewController
public/js/hims-states.js,app.opbillreport,/opbillreport,OPBillReportController
public/js/hims-states.js,app.opcollectionsreport,/opcollectionsreport,OPCollectionsReportController
public/js/hims-states.js,app.opcollectionsummarybycashier,/opcollectionsummarybycashier,OPCollectionSummaryByCashierController
public/js/hims-states.js,app.opconsolidatedpay,/opconsolidatedpay,OPclearanceFormController
public/js/hims-states.js,app.opcreditreport,/opcreditreport,opcreditreportController
public/js/hims-states.js,app.opduecollectreport,/opduecollectreport,opduecollectreportController
public/js/hims-states.js,app.openingstockentry,/openingstockentry/:id,OpeningStockEntryFormController
public/js/hims-states.js,app.openingstockentrygeneralreport,/openingstockentrygeneralreport,openingstockentrygeneralreportController
public/js/hims-states.js,app.openingstockentryreport,/openingstockentryreport,OpeningStockEntryReportController
public/js/hims-states.js,app.openingstockentrys,/openingstockentrys,OpeningStockEntrysListController
public/js/hims-states.js,app.opipcollectionsummarybycashier,/opipcollectionsummarybycashier,OPIPCollectionSummaryByCashierController
public/js/hims-states.js,app.oppatienttab,/oppatienttab,OPPatientTabController
public/js/hims-states.js,app.oppatienttab.allcheckin,/alloplist,AllOPPatientsController
public/js/hims-states.js,app.oppatienttab.mycheckin,/myoplist,MyOPPatientsController
public/js/hims-states.js,app.oppatienttab.previousoppatient,/prevoplist,PreviousOPPatientsController
public/js/hims-states.js,app.opreferraldoctorreport,/opreferraldoctorreport,OPReferralDoctorReportController
public/js/hims-states.js,app.opsalesreport,/opsalesreport,OPSalesReportController
public/js/hims-states.js,app.opserviceitemreport,/opserviceitemreport,OPserviceItemReportController
public/js/hims-states.js,app.opticalcollectionreport,/opticalcollectionreport,OpticalCollectionReportController
public/js/hims-states.js,app.opticaldailybillreport,/opticaldailybillreport,OpticalDailybillReportController
public/js/hims-states.js,app.opticaldashboard,/opticaldashboard,opticalDashboardController
public/js/hims-states.js,app.opticalentryform,/opticalentryform,OpticalEntryFormController
public/js/hims-states.js,app.opticalentrylist,/opticalentrylist,OpticalEntryListController
public/js/hims-states.js,app.opticalgrn,/opticalgrn/:id,OpticalGRNFormController
public/js/hims-states.js,app.opticalgrnlist,/opticalgrnlist,OpticalGRNListController
public/js/hims-states.js,app.opticalitemdetailsreport,/opticalitemdetailsreport,OpticalItemDetailsReportController
public/js/hims-states.js,app.opticalitemmasterlist,/opticalitemmasterlist,OpticalItemMasterListController
public/js/hims-states.js,app.opticalitemmastertab,/opticalitemmastertab/:id,OpticalItemMasterTabController
public/js/hims-states.js,app.opticalitemmastertab.opticalitemmaster,/opticalitemmaster/:id,OpticalItemMasterFormController
public/js/hims-states.js,app.opticalitemmastertab.opticalitemstocklist,/opticalitemstock,OpticalStockItemListController
public/js/hims-states.js,app.opticalpurchasedetailreport,/opticalpurchasedetailreport,OpticalPurchaseReportController
public/js/hims-states.js,app.opticalreceipt,/opticalreceipt/:id,OpticalreceiptFormController
public/js/hims-states.js,app.opticalreports,/opticalreports,OpticalReportsController
public/js/hims-states.js,app.opticalsales,/opticalsales/:id,opticalsalesController
public/js/hims-states.js,app.opticalstockreport,/opticalstockreport,OpticalStockReportController
public/js/hims-states.js,app.opticalstockstatus,/opticalstockstatus/:id,OpticalstockStatusController
public/js/hims-states.js,app.opticalstockstatusreport,/opticalstockstatusreport,OpticalStockStatusReportController
public/js/hims-states.js,app.opvisitbilllink,/opvisitbilllink,opbilllinkingController
public/js/hims-states.js,app.orderProcess,/orderProcess/:tp,myOrderProcessListController
public/js/hims-states.js,app.orderacknowledgementform,/orderacknowledgementform/:tp,orderAcknowledgementFormController
public/js/hims-states.js,app.orderacknowledgements,/orderacknowledgements/:tp,orderAcknowledgementListController
public/js/hims-states.js,app.orderassignments,/orderassignments/:tp,orderAssignmentListController
public/js/hims-states.js,app.orderfavorite,/orderfavorite/:id,OrderFavoritesFormController
public/js/hims-states.js,app.orderfavorites,/orderfavorites,OrderFavoritesListController
public/js/hims-states.js,app.orderfollowups,/orderfollowups/,OrderFollowupListController
public/js/hims-states.js,app.orderstatistics,/orderstatistics/:tp,OrderStatisticListController
public/js/hims-states.js,app.orderstatisticsform,/orderstatisticsform/:tp,OrderStatisticFormController
public/js/hims-states.js,app.orderstatisticspathologistreport,/orderstatisticspathologistreport,OrderStatisticsPathologistReportController
public/js/hims-states.js,app.orderstatisticsradiologistreport,/orderstatisticsradiologistreport,OrderStatisticsRadiologistReportController
public/js/hims-states.js,app.orderstatuschange,/orderstatuschange/:tp,orderstatuschangeController
public/js/hims-states.js,app.orderstatuschangeform,/orderstatuschangeform/:tp,orderstatuschangeFormController
public/js/hims-states.js,app.ordertat,/ordertat/:tp,orderTATListController
public/js/hims-states.js,app.ordertrackingtab,/ordertrackingtab,ordertrackingtabController
public/js/hims-states.js,app.ordertrackingtab.completeorder,/completeorder,completeorderController
public/js/hims-states.js,app.ordertrackingtab.pendingorder,/pendingorder,pendingorderController
public/js/hims-states.js,app.org,/org:id,orgFormController
public/js/hims-states.js,app.orgs,/orgs,orgListController
public/js/hims-states.js,app.otbedmanagement,/otbedmanagement/:id,bedmanagementGridController
public/js/hims-states.js,app.otbedreceive,/otbedreceive,otbedreceiveListController
public/js/hims-states.js,app.otconsumption,/OTConsumption/:id,OTConsumptionFormController
public/js/hims-states.js,app.otconsumptions,/OTConsumption,OTConsumptionListController
public/js/hims-states.js,app.otregistertab,otregistertab/:id,otregisterTabController
public/js/hims-states.js,app.otregistertab.equipmentsused,otregistertab/equipmentsused:id,EquipmentUsedController
public/js/hims-states.js,app.otschedulereport,/otschedulereport,otschedulereportController
public/js/hims-states.js,app.outpatientform,/outpatientform,outPatientformController
public/js/hims-states.js,app.outpatientlist,/outpatientlist,outPatientListController
public/js/hims-states.js,app.outpatientreport,/outpatientreport,OutPatientReportController
public/js/hims-states.js,app.outpatientsummarybydoctor,/outpatientsummarybydoctor,OutpatientSummaryByDoctorController
public/js/hims-states.js,app.outpatientsummarybyinsurance,/outpatientsummarybyinsurance,OutpatientSummaryByInsuranceController
public/js/hims-states.js,app.outpatientsummaryreport,/outpatientsummaryreport,OutPatientSummaryReportController
public/js/hims-states.js,app.outstandingpaymentreport,/outstandingpaymentreport,OutstandingPaymentReportController
public/js/hims-states.js,app.outstandingreports,/outstandingreports,OutstandingReportController
public/js/hims-states.js,app.overallcollectioncashier,/overallcollectioncashier,OverallCollectionCashierController
public/js/hims-states.js,app.overallcollectionsummary,/overallcollectionsummary,OverallCollectionSummaryController
public/js/hims-states.js,app.overallconsolidategst,/overallconsolidategst,overallconsolidategstController
public/js/hims-states.js,app.overalldoctorsharesummaryreport,/overalldoctorsharesummaryreport,overalldoctorsharesummaryreportController
public/js/hims-states.js,app.package,/app.package/:id,packageFormController
public/js/hims-states.js,app.packageassignment,/packageassignment,packageAssignmentController
public/js/hims-states.js,app.packagedetails,/packagedetails,PackageDetailsController
public/js/hims-states.js,app.packages,/packages,packageListController
public/js/hims-states.js,app.patient-feedback,/patient-feedback,patientfeedbacksListController
public/js/hims-states.js,app.patient-feedback-form,/patient-feedback-form,patientfeedbacksFormNewController
public/js/hims-states.js,app.patient-feedbackotpverification,/patient-feedbackotpverification,FeedbackOtpVerifyController
public/js/hims-states.js,app.patient-request,/patient-request/:id,PatientRequestController
public/js/hims-states.js,app.patient-return,/patient-return/:id,PatientReturnController
public/js/hims-states.js,app.patientalerts,/patientalerts,patientAlertListController
public/js/hims-states.js,app.patientcontrol,/patientcontrol,patientcontrolController
public/js/hims-states.js,app.patientdietorder,/patientdietorders/:id,patientDietOrderFormController
public/js/hims-states.js,app.patientdietorders,/app.patientdietorders,patientDietOrderListController
public/js/hims-states.js,app.patientdispense-form,/patientdispense-form/:id,PatientDispenseFormController
public/js/hims-states.js,app.patientdispense-view,/patientdispense-view/:id,PatientDispenseViewController
public/js/hims-states.js,app.patientdocumentlist,/documentlist,patientDocumentListController
public/js/hims-states.js,app.patientfeedback,/patientfeedback,patientfeedbacksanalyzerFormController
public/js/hims-states.js,app.patientfeedbacksignature,/patient-patientfeedbacksignature,PatientFeedbackSignatureController
public/js/hims-states.js,app.patientfinancetab,/patientfinancetab/:id,patientFinanceTabController
public/js/hims-states.js,app.patientfinancetab.patientadjustmentinfo,/patientadjustmentinfo,PatientPaymentAdjustmentController
public/js/hims-states.js,app.patientfinancetab.patientrevenueinfo,/patientrevenueinfo,PatientRevenueController
public/js/hims-states.js,app.patientfollowuptab,/patientfollowuptab/:id,PatientFollowupTabController
public/js/hims-states.js,app.patientfollowuptab.followup,/followup,FollowupListController
public/js/hims-states.js,app.patientfollowuptab.pending,/pending,PendingListController
public/js/hims-states.js,app.patientform,/patientform,patientformController
public/js/hims-states.js,app.patientfundadjustmentreport,/patientfundadjustmentreport,patientfundadjustmentreportController
public/js/hims-states.js,app.patientgettoken,/patient-patientgettoken,PatientGetTokenController
public/js/hims-states.js,app.patientindentpendingreport,/patientindentpendingreport,patientindentpendingreportController
public/js/hims-states.js,app.patientipdispensedetailsreport,/patientipdispensedetailsreport,patientipdispensedetailsreportController
public/js/hims-states.js,app.patientipdispensedreport,/patientipdispensedreport,patientipdispensedreportController
public/js/hims-states.js,app.patientlabresultview,/labresultview,patientlabResultViewController
public/js/hims-states.js,app.patientlist,/patientlist,patientListController
public/js/hims-states.js,app.patientlistbydiagnosis,/patientlistbydiagnosis,patientlistbydiagnosisController
public/js/hims-states.js,app.patientlistreports,/patientlistreports,PatientListReportController
public/js/hims-states.js,app.patientmedicineindentreport,/patientmedicineindentreport,patientmedicineindentreportController
public/js/hims-states.js,app.patientregistration-form,/patientregistration-form,PatientRegisterFormReportController
public/js/hims-states.js,app.patientregistration-list,/patientregistration-self,PatientRegisterListReportController
public/js/hims-states.js,app.patientrequest,/patientrequest/:id,patientRequestFormController
public/js/hims-states.js,app.patientrequest-view,/patientrequest-view/:id,PatientRequestViewController
public/js/hims-states.js,app.patientrequests,/patientrequests,patientRequestListController
public/js/hims-states.js,app.patientreturn,/patientreturn/:id,PatientReturnFormController
public/js/hims-states.js,app.patientreturns,/patientreturns,PatientReturnsListController
public/js/hims-states.js,app.patientsearch,/patientsearch,patientSearchListController
public/js/hims-states.js,app.patientservices,/patientservices,PatientServicesController
public/js/hims-states.js,app.patientsmasterexcelupload,/patientsmasterexcelupload,PatientsMasterExceluploadController
public/js/hims-states.js,app.patienttrackers,/patienttrackers,FollowupAppointmentsController
public/js/hims-states.js,app.patientupdate,/patientupdate/,PatientUpdateListController
public/js/hims-states.js,app.paymodechange,/paymodetab,paymodeTabController
public/js/hims-states.js,app.paymodechange.tabadvrept,/paymodechange,advreptPaymodeChangeFormController
public/js/hims-states.js,app.paymodechange.tabop,/paymodechange,opPaymodeChangeFormController
public/js/hims-states.js,app.paymodechange.tabpharmacy,/paymodechange,pharPaymodeChangeFormController
public/js/hims-states.js,app.pendingorders,/pendingorders/,PendingOrderListController
public/js/hims-states.js,app.pendingpayments,/pendingpayments/:id,pendingPaymentsFormController
public/js/hims-states.js,app.pendingpaymentsummarybysupplier,/pendingpaymentsummarybysupplier,PendingPaymentSummaryBySupplierController
public/js/hims-states.js,app.pendingporeport,/pendingporeport,PendingPOReportController
public/js/hims-states.js,app.pendingprescription,/pendingprescription,pendingPresListController
public/js/hims-states.js,app.pendingprescriptionreport,/pendingprescriptionreport,pendingprescriptionreportController
public/js/hims-states.js,app.performanceDahboard,/performanceDahboard,performanceDahboardGlanceController
public/js/hims-states.js,app.performanceglance,/performanceglance,performanceGlanceController
public/js/hims-states.js,app.performingdoctorvoucher,/performingdoctorvoucher,PerformingDoctorInvoiceListController
public/js/hims-states.js,app.performingdoctorvoucherform,/performingdoctorvoucherform,PerformingDoctorInvoiceFormController
public/js/hims-states.js,app.pharmacy-advance,/pharmacy-advance,pharmacyAdvancereceiptListController
public/js/hims-states.js,app.pharmacy-directpatient-sales,/pharmacy-directpatient-sales/:id,pharmacydirectpatientsalesController
public/js/hims-states.js,app.pharmacy-return,/pharmacy-return/:id,pharmacyreturnController
public/js/hims-states.js,app.pharmacy-sales,/pharmacy-sales/:id,pharmacysalesController
public/js/hims-states.js,app.pharmacy-schedulereport,/pharmacy-schedulereport/:id,pharmacyschedulerptController
public/js/hims-states.js,app.pharmacyadmindashboard,/pharmacyadmindashboard,PharmacyadmindashboardController
public/js/hims-states.js,app.pharmacybilldetailreport,/pharmacybilldetailreport,PharmacyBillDetailReportController
public/js/hims-states.js,app.pharmacybillmodificationtab,/pharbillmodificationtab/:id,PharmacyBillmodificationTabController
public/js/hims-states.js,app.pharmacybillmodificationtab.pharmacybill-list,/pharmacybill-list,PharmacyBillListController
public/js/hims-states.js,app.pharmacybillmodificationtab.pharmacybillmodification-list,/pharmacybillmodification-list,PharmacyBillModificationListController
public/js/hims-states.js,app.pharmacybillmodifyform,/pharmacybillmodifyform,pharmacybillmodifyformController
public/js/hims-states.js,app.pharmacybillmodifyview,/pharmacybillmodifyview,pharmacybillmodifyviewController
public/js/hims-states.js,app.pharmacycardcollectionreport,/pharmacycardcollectionreport,PharmacyCardCollectionReportController
public/js/hims-states.js,app.pharmacycashtocredit,/pharmacycashtocredit,cashToCreditBillController
public/js/hims-states.js,app.pharmacycashtoopcredit,/pharmacycashtoopcredit,cashToOPCreditBillController
public/js/hims-states.js,app.pharmacyclearance,/pharmacyclearance,pharmacyclearanceFormController
public/js/hims-states.js,app.pharmacycollectionallcashier,/pharmacycollectionallcashier,pharmacycollectionallcashierController
public/js/hims-states.js,app.pharmacycollectionreport,/pharmacycollectionreport,PharmacyCollectionReportController
public/js/hims-states.js,app.pharmacycollections,/pharmacycollections,pharmacycollectionsController
public/js/hims-states.js,app.pharmacycollectionsummarycashier,/pharmacycollectionsummarycashier,PharmacyCollectionSummaryCashierController
public/js/hims-states.js,app.pharmacycollectionsummaryreport,/pharmacycollectionsummaryreport,PharmacyCollectionSummaryReportController
public/js/hims-states.js,app.pharmacydashboard,/pharmacydashboard,PharmacydashboardController
public/js/hims-states.js,app.pharmacydiscountreport,/pharmacydiscountreport,PharmacyDiscountReportController
public/js/hims-states.js,app.pharmacyduecollectreport,/pharmacyduecollectreport,pharmacyduecollectreportController
public/js/hims-states.js,app.pharmacyduereport,/pharmacyduereport,PharmacyDueReportController
public/js/hims-states.js,app.pharmacyrefundreport,/pharmacyrefundreport,PharmacyRefundReportController
public/js/hims-states.js,app.pharmacyreports,/pharmacyreports,PharmacyReportController
public/js/hims-states.js,app.pharmacyreturnreport,/pharmacyreturnreport,PharmacyReturnReportController
public/js/hims-states.js,app.pharmacyreturnreportforotc,/pharmacyreturnreportforotc,PharmacyReturnReportforOTCController
public/js/hims-states.js,app.pharmacysalesreport,/pharmacysalesreport,pharmacysalesreportController
public/js/hims-states.js,app.pharmacyschedulereport,/pharmacyschedulereport,PharmacyScheduleReportController
public/js/hims-states.js,app.pharmacyschedulexreport,/pharmacyschedulexreport,PharmacyScheduleXReportController
public/js/hims-states.js,app.pharmacystockreport,/pharmacystockreport,PharmacyStockReportController
public/js/hims-states.js,app.pharmacytabreport,/pharmacytabreport,PharmacyTabReportController
public/js/hims-states.js,app.pharmacytabreport.gsttaxreport,/gsttaxreport,gsttaxreportController
public/js/hims-states.js,app.pharmacytabreport.invoicecollectionreport,/invoicecollectionreport,invoicecollectionreportController
public/js/hims-states.js,app.pharmacytabreport.masterreport,/masterreport,masterreportController
public/js/hims-states.js,app.pharmacytabreport.stockmanagementreport,/stockmanagementreport,stockmanagementreportController
public/js/hims-states.js,app.physiotreatmentplan,/physiotreatmentplan/,PhysioTreatmentPlanController
public/js/hims-states.js,app.pincodes,/pincodes,pincodeListController
public/js/hims-states.js,app.pmrform,/pmrform:/,PMRFormController
public/js/hims-states.js,app.pmrlist,/pmrlist:/,PMRListController
public/js/hims-states.js,app.pobasedgrnform,/pobasedgrnform/:id,POBasedGRNFormController
public/js/hims-states.js,app.pobasedgrnformgeneral,/pobasedgrnformgeneral/:id,generalPOBasedGRNFormController
public/js/hims-states.js,app.pobasedgrnlist,/pobasedgrnlist,POBasedGRNListController
public/js/hims-states.js,app.pobasedgrnlistgeneral,/pobasedgrnlistgeneral,generalPOBasedGRNListController
public/js/hims-states.js,app.prechecklist,/checklist,checkListController
public/js/hims-states.js,app.preemployeeappointments,/preEmployeeappointments,preEmployeeappointmentsFormController
public/js/hims-states.js,app.premployeedoctordashboard,/premployeedoctordashboard,preEmployeedoctorDashboardController
public/js/hims-states.js,app.previouslabresult,/labresults,labResultListController
public/js/hims-states.js,app.privilegecardform,/privilegecardform,privilegecardFormController
public/js/hims-states.js,app.privilegecardlist,/privilegecardlist,privilegecardListController
public/js/hims-states.js,app.privilegecardregistration,/privilegecardreg,privilegecardregController
public/js/hims-states.js,app.procedurereorder,/procedurereorder/:id,procedurereorderController
public/js/hims-states.js,app.procedures,/procedures,procedureListController
public/js/hims-states.js,app.procedureservices-form,/procedureservice/:id,procedureservicesFormController
public/js/hims-states.js,app.procedureservices-list,/procedureservices,procedureservicesListController
public/js/hims-states.js,app.proceduretab,/procedure/:id,procedureTabController
public/js/hims-states.js,app.proceduretab.details,/details,procedureFormController
public/js/hims-states.js,app.proceduretab.procedurealias,/procedurealias/:procedurealiasid,procedureAliasFormController
public/js/hims-states.js,app.proceduretab.procedurealiases,/procedurealiases,procedureAliasListController
public/js/hims-states.js,app.proceduretab.proceduretemplate,/proceduretemplate/:proceduretemplateid,procedureTemplateFormController
public/js/hims-states.js,app.proceduretab.proceduretemplates,/proceduretemplates,procedureTemplateListController
public/js/hims-states.js,app.processallorders,/allorders/:tp,allOrderProcessListController
public/js/hims-states.js,app.producttype,/producttype,productTypeFormController
public/js/hims-states.js,app.producttypereport,/producttypereport,ProductTypeReportController
public/js/hims-states.js,app.producttypes,/producttypes,productTypesListController
public/js/hims-states.js,app.promotionalschemeform,/promotionalschemeform,promotionalSchemeFormController
public/js/hims-states.js,app.promotionalschemes,/promotionalschemes,promotionalSchemeListController
public/js/hims-states.js,app.purchaseorder,/purchaseorder/:id,purchaseOrderFormController
public/js/hims-states.js,app.purchaseorder-amendment,/purchaseorder-amendment/:id,purchaseOrderAmendController
public/js/hims-states.js,app.purchaseorderdetailreport,/purchaseorderdetailreport,purchaseorderdetailreportController
public/js/hims-states.js,app.purchaseordergeneral,/purchaseordergeneral/:id,generalpurchaseOrderFormController
public/js/hims-states.js,app.purchaseorderreport,/purchaseorderreport,PurchaseOrderReportController
public/js/hims-states.js,app.purchaseorders,/purchaseorders,purchaseOrdersListController
public/js/hims-states.js,app.purchaseordersgeneral,/purchaseordersgeneral,generalpurchaseOrdersListController
public/js/hims-states.js,app.purchaserequest,/purchaserequest/:id,purchaseRequestFormController
public/js/hims-states.js,app.purchaserequests,/purchaserequests,purchaseRequestsListController
public/js/hims-states.js,app.purchasereturn,/purchasereturn/:id,purchasereturnFormController
public/js/hims-states.js,app.purchasereturnamend,/purchasereturnamend/:id,purchasereturnAmendFormController
public/js/hims-states.js,app.purchasereturngstreport,/purchasereturngstreport,PurchaseReturnGSTReportController
public/js/hims-states.js,app.purchasereturnreport,/purchasereturnreport,PurchaseReturnReportController
public/js/hims-states.js,app.purchasereturns,/purchasereturns,purchasereturnsListController
public/js/hims-states.js,app.purchasereturntallyapproved,/purchasereturntallyapproved,purchasereturnTallyController
public/js/hims-states.js,app.purchasesalesgstreport,/purchasesalesgstreport,PurchaseSalesGSTReportController
public/js/hims-states.js,app.purchasetallyapproved,/purchasetallyapproved,purchasetallyapprovedController
public/js/hims-states.js,app.purchasevendorpendingreport,/purchasevendorpendingreport,PurchaseVendorPendingReportController
public/js/hims-states.js,app.purchasevendorreport,/purchasevendorreport,PurchaseVendorReportController
public/js/hims-states.js,app.qmsdisplay,/qmsdisplay,tokenController
public/js/hims-states.js,app.qualitymanagement,/qualitymanagement,QualitymanagementController
public/js/hims-states.js,app.quickreg,/quickreg,quickregController
public/js/hims-states.js,app.quickregistration,/quickregistration:id,quickRegistrationFormController
public/js/hims-states.js,app.rackdetailsbystorereport,/rackdetailsbystorereport,RackDetailByStoreReportController
public/js/hims-states.js,app.radiologycriticals,/radiologycriticals,RadiologyCriticalValuesController
public/js/hims-states.js,app.radiologyorderdetailreport,/radiologyorderdetailreport,RadiologyOrderDetailReportController
public/js/hims-states.js,app.radiologyreports,/radiologyreports,RadiologyReportController
public/js/hims-states.js,app.radiologyrevenuereport,/radiologyrevenuereport,radiologyrevenuereportController
public/js/hims-states.js,app.radiologystatisticssummaryreport,/radiologystatisticssummaryreport,RadiologyStatisticsSummaryReportController
public/js/hims-states.js,app.radiologysummarybytest,/radiologysummarybytest,RadiologySummaryByTestController
public/js/hims-states.js,app.radtatreport,/radtatreport,RadTATReportController
public/js/hims-states.js,app.receipt-form,/receipt-form/:id,receiptFormController
public/js/hims-states.js,app.receipt-list,/receipt-list,receiptListController
public/js/hims-states.js,app.referencevaluegroups,/referencevaluegroups,referencevaluegroupListController
public/js/hims-states.js,app.referencevalues,/referencevalues/:groupId/:groupCode,referencevalueListController
public/js/hims-states.js,app.referraldoctorlistreport,/referraldoctorlistreport,referraldoctorlistreportController
public/js/hims-states.js,app.referraldoctorrevenuedetailsreport,/referraldoctorrevenuedetailsreport,referraldoctorrevenuedetailsreportController
public/js/hims-states.js,app.referrals,/referrals,referralListController
public/js/hims-states.js,app.referraltab,/referral/:id,referralTabController
public/js/hims-states.js,app.referraltab.details,/details,referralFormController
public/js/hims-states.js,app.referraltab.referralcharge,/referralcharge,referralchargelistController
public/js/hims-states.js,app.referraltab.user,/users,referralUserMapController
public/js/hims-states.js,app.refund-form,/refund-form/:id,refundFormController
public/js/hims-states.js,app.refund-list,/refund-list,refundListController
public/js/hims-states.js,app.refundapprovelist,/refundapprovelist,iprefundApproveListController
public/js/hims-states.js,app.refundreport,/refundreport,RefundReportController
public/js/hims-states.js,app.regcumvisitwithbill,/regcumvisitwithbill,regcumvisitwithbillController
public/js/hims-states.js,app.registrationcumvisit,/registrationcumvisit,registrationcumvisitController
public/js/hims-states.js,app.regpatientidcard,/regpatientidcard,regpatientidcardController
public/js/hims-states.js,app.remarks,/remarks,remarkListController
public/js/hims-states.js,app.reordersetuplist,/reordersetuplist,ReorderListController
public/js/hims-states.js,app.reportcorrelation,/reportcorrelation/:tp,ReportCorrelationController
public/js/hims-states.js,app.reports,/reports,ReportController
public/js/hims-states.js,app.researchprojects,/researchprojects,researchProjectListController
public/js/hims-states.js,app.resources,/resources,resourceListController
public/js/hims-states.js,app.resultamendform,/resultamendform/:id,ResultapproveAmendmentformController
public/js/hims-states.js,app.resultamendment,/resultamendment/:tp,ResultapproveAmendmentController
public/js/hims-states.js,app.resultdispatches,/resultdispatchlist/:tp,dispatchResultListController
public/js/hims-states.js,app.resultentry,/resultentry/:id,resultEntryFormController
public/js/hims-states.js,app.returngstreport,/returngstreport,ReturnGSTReportController
public/js/hims-states.js,app.returninformation,/purchasereturn/:id,returninformationFormController
public/js/hims-states.js,app.returnreceive-form,/returnreceive-form/:id,ReturnReceiveFormController
public/js/hims-states.js,app.returnreceive-view,/returnreceive-view/:id,ReturnReceiveViewController
public/js/hims-states.js,app.returnrequest-view,/returnrequest-view/:id,ReturnRequestViewController
public/js/hims-states.js,app.returnworklisttab,/returnworklisttab/:id,ReturnWorkListTabController
public/js/hims-states.js,app.returnworklisttab.patientreturns,/patientreturns,PatientReturnListController
public/js/hims-states.js,app.returnworklisttab.returnworklists,/returnworklists,ReturnWorkListController
public/js/hims-states.js,app.revenuesummarybycategory,/revenuesummarybycategory,RevenueSummaryByCategoryController
public/js/hims-states.js,app.revenuesummarybydept,/revenuesummarybydept,RevenueSummaryByDeptController
public/js/hims-states.js,app.revenuesummarybydoctor,/revenuesummarybydoctor,RevenueSummaryByDoctorController
public/js/hims-states.js,app.revenuesummarybyserviceitem,/revenuesummarybyserviceitem,RevenueSummaryByServiceItemController
public/js/hims-states.js,app.revenuetarget,/revenuetarget,RevenueTargetListController
public/js/hims-states.js,app.ris_dashboard,/ris_dashboard,RisDashBoardController
public/js/hims-states.js,app.roles,/roles,roleListController
public/js/hims-states.js,app.roletab,/role/:id,roleTabController
public/js/hims-states.js,app.roletab.facility,/facilities,roleFacilityMapController
public/js/hims-states.js,app.roletab.general,/general,roleFormController
public/js/hims-states.js,app.roletab.mobileappconfig,/mobileappconfig,mobileappconfigListController
public/js/hims-states.js,app.roletab.roleprivileges,/roleprivileges,rolePrivilegeListController
public/js/hims-states.js,app.roomtypes,/roomtypes,roomtypeListController
public/js/hims-states.js,app.salesgstreport,/salesgstreport,SalesGSTReportController
public/js/hims-states.js,app.samplecollect,/samplecollect/:id,sampleCollectFormController
public/js/hims-states.js,app.samplecollectionlist,/samplecollectionlist,samplecollectlistController
public/js/hims-states.js,app.samplereview,/samplereview/:id,sampleReviewFormController
public/js/hims-states.js,app.samplereviewlist,/samplereviewlist,samplereviewlistController
public/js/hims-states.js,app.screen,/screen/:id/:moduleId,screenFormController
public/js/hims-states.js,app.screens,/screens:moduleId,screenListController
public/js/hims-states.js,app.sequencemasters,/sequencemasters,SequenceMastersListController
public/js/hims-states.js,app.serviceRequestList,/serviceRequestList,serviceRequestListController
public/js/hims-states.js,app.servicecategories,/servicecategories,serviceCategoryListController
public/js/hims-states.js,app.serviceconsultationtab,/serviceconsultationtab,ServiceConsultationTabController
public/js/hims-states.js,app.serviceconsultationtab.currentpatient-multi,/currentpatient-multi,ServicecurrentpatientmultiController
public/js/hims-states.js,app.serviceconsultationtab.currentpatient-previous,/currentpatient-previous,ServicePreviousPatientsController
public/js/hims-states.js,app.serviceconsultationtab.currentpatient-single,/currentpatientsingle,ServicecurrentpatientsingleController
public/js/hims-states.js,app.servicegroupdetails,/servicegroupdetails,ServiceGroupDetailsController
public/js/hims-states.js,app.servicegroupratemappingList,/servicegroupratemappingList,servicegroupratemappingListController
public/js/hims-states.js,app.servicegroups,/servicegroups,serviceGroupListController
public/js/hims-states.js,app.serviceitemreport,/serviceitemreport,serviceItemReportController
public/js/hims-states.js,app.serviceitems,/serviceitems,serviceItemListController
public/js/hims-states.js,app.serviceitemtab,/serviceitem/:id,serviceItemTabController
public/js/hims-states.js,app.serviceitemtab.details,/details,serviceItemFormController
public/js/hims-states.js,app.serviceitemtab.insurancetariffrate,/insurancetariffrate,InsuranceTariffRateController
public/js/hims-states.js,app.serviceitemtab.selftariffrate,/selftariffrate,SelfTariffRateController
public/js/hims-states.js,app.serviceitemtab.serviceitemalias,/serviceitemalias,serviceItemAliasListController
public/js/hims-states.js,app.serviceitemtab.serviceitemfacilitymap,/serviceitemfacilitymap,serviceItemFacilityMapController
public/js/hims-states.js,app.serviceitemtab.serviceitempackagemap,/serviceitempackagemap,serviceItemPackageMapListController
public/js/hims-states.js,app.serviceitemtab.serviceitemperformingdoctor,/serviceitemperformingdoctor,serviceItemPerformingDoctorListController
public/js/hims-states.js,app.serviceitemtab.serviceitemtariffdetails,/serviceitemtariffdetail,serviceItemTariffDetailListController
public/js/hims-states.js,app.servicemasterexcelupload,/servicemasterexcelupload,ServiceMasterExceluploadController
public/js/hims-states.js,app.serviceratecategories,/serviceratecategories,serviceRateCategoryListController
public/js/hims-states.js,app.servicerequest,/servicerequest/:id,serviceRequestFormController
public/js/hims-states.js,app.serviceschedule,/serviceschedule,ServiceScheduleController
public/js/hims-states.js,app.serviceselectInfo,/serviceselectInfo,ServiceSelectInfoController
public/js/hims-states.js,app.servicesubcategories,/servicesubcategories,serviceSubCategoryListController
public/js/hims-states.js,app.servicetariffmasterexcelupload,/servicetariffmasterexcelupload,ServiceTariffMasterExceluploadController
public/js/hims-states.js,app.slotschedule,/slotschedule,slotscheduleController
public/js/hims-states.js,app.speciality,/speciality:id,specialityFormController
public/js/hims-states.js,app.specialitys,/specialitys,specialityListController
public/js/hims-states.js,app.staffbill-return,/staffbill-return/:id,StaffBillReturnController
public/js/hims-states.js,app.staffcreditbill,/staffcrefitbill/:id,StaffCreditBillController
public/js/hims-states.js,app.staffcreditbilllist,/staffcrefitbilllist/:id,StaffCreditBillListController
public/js/hims-states.js,app.staffcreditbillreport,/staffcreditbillreport,StaffCreditBillReportController
public/js/hims-states.js,app.staffcreditpayment,/staffcreditpayment/:id,StaffCreditPaymentFormController
public/js/hims-states.js,app.staffcreditpaymentlist,/staffcreditpaymentlist/:id,StaffCreditPaymentListController
public/js/hims-states.js,app.staffcreditreturnreport,/staffcreditreturnreport,StaffCreditReturnReportController
public/js/hims-states.js,app.staffcreditreturns,/staffcreditreturns-list/:id,StaffCreditReturnBillListController
public/js/hims-states.js,app.staffcreditsummaryreport,/staffcreditsummaryreport,StaffCreditSummaryReportController
public/js/hims-states.js,app.staffpendingpaymentreport,/staffpendingpaymentreport,StaffPendingPaymentReportController
public/js/hims-states.js,app.statemaster,/statemasters,stateMasterListController
public/js/hims-states.js,app.stockacceptanceforotherbranch,/stockacceptanceforotherbranch,StockAcceptenceListForOtherBranchController
public/js/hims-states.js,app.stockacceptanceforotherbranchform,/stockacceptanceforotherbranchform/:id,StockAcceptenceFormforotherbranchController
public/js/hims-states.js,app.stockacceptenceform,/StockAcceptions/:id,StockAcceptenceFormController
public/js/hims-states.js,app.stockadjustment,/StockAdjustment/:id,StockAdjustmentFormController
public/js/hims-states.js,app.stockadjustmentgeneralreport,/stockadjustmentgeneralreport,stockadjustmentgeneralreportController
public/js/hims-states.js,app.stockadjustmentreport,/stockadjustmentreport,StockAdjustmentReportController
public/js/hims-states.js,app.stockadjustments,/StockAdjustment,StockAdjustmentListController
public/js/hims-states.js,app.stockconsumption,/StockConsumption/:id,StockConsumptionFormController
public/js/hims-states.js,app.stockconsumptionreport,/stockconsumptionreport,stockconsumptionreportController
public/js/hims-states.js,app.stockconsumptions,/StockConsumption,StockConsumptionListController
public/js/hims-states.js,app.stockindentgeneralreport,/stockindentgeneralreport,stockindentgeneralreportController
public/js/hims-states.js,app.stockindentreport,/stockindentreport,StockIndentReportController
public/js/hims-states.js,app.stockindenttootherbranch,/stockindenttootherbranch,StockIndenttootherbranchListController
public/js/hims-states.js,app.stockindenttootherbranchform,/stockindenttootherbranchform/:id,StockIndenttootherbranchFormController
public/js/hims-states.js,app.stockissuevochergeneralreport,/stockissuevochergeneralreport,stockissuevochergeneralreportController
public/js/hims-states.js,app.stockissuevocherreport,/stockissuevocherreport,StockIssueVocherReportController
public/js/hims-states.js,app.stockmasterexcelupload,/stockmasterexcelupload,StockMasterExceluploadController
public/js/hims-states.js,app.stockmovement,/stockmovement/:id,stockMovementController
public/js/hims-states.js,app.stockmovementgeneralreport,/stockmovementgeneralreport,stockmovementgeneralreportController
public/js/hims-states.js,app.stockmovementreport,/stockmovementreport,StockMovementReportController
public/js/hims-states.js,app.stocknonmovementreport,/stocknonmovementreport,StockNonMovementReportController
public/js/hims-states.js,app.stockrequest,/StockRequest/:id,StockRequestFormController
public/js/hims-states.js,app.stockrequest-view,/stockrequest-view/:id,StockRequestViewController
public/js/hims-states.js,app.stockrequestotherbranch-view,/stockrequestotherbranch-view/:id,StockRequestotherbranchViewController
public/js/hims-states.js,app.stockrequests,/StockRequests,StockRequestsListController
public/js/hims-states.js,app.stockstatus,/stockstatus/:id,stockStatusController
public/js/hims-states.js,app.stockstatusbatchgeneralreport,/stockstatusbatchgeneralreport,stockstatusbatchgeneralreportController
public/js/hims-states.js,app.stockstatusbatchreport,/stockstatusbatchreport,StockStatusBatchReportController
public/js/hims-states.js,app.stockstatusforallitems,/stockstatusforallitems/:id,stockStatusForallItemsController
public/js/hims-states.js,app.stockstatusforallstores,/stockstatusforallstores/:id,StockStatusForAllStoresController
public/js/hims-states.js,app.stockstatusgeneralreport,/stockstatusgeneralreport,stockstatusgeneralreportController
public/js/hims-states.js,app.stockstatusproductsummarygeneralreport,/stockstatusproductsummarygeneralreport,stockstatusproductsummarygeneralreportController
public/js/hims-states.js,app.stockstatusproductsummaryreport,/stockstatusproductsummaryreport,StockStatusProductSummaryReportController
public/js/hims-states.js,app.stockstatusreport,/stockstatusreport,StockStatusReportController
public/js/hims-states.js,app.stocksummaryproductgstreport,/stocksummaryproductgstreport,StockSummaryProductGstreportController
public/js/hims-states.js,app.stocktacceptencelist,/StockAcceptions,StockAcceptenceListController
public/js/hims-states.js,app.stocktransfer,/StockTransfer/:id,StockTransferFormController
public/js/hims-states.js,app.stocktransfer-view,/stocktransfer-view/:id,StocktransferViewController
public/js/hims-states.js,app.stocktransferotherbranch-view,/stocktransferotherbranch-view/:id,StocktransferViewOtherbranchController
public/js/hims-states.js,app.stocktransferotherbranchform,/stocktransferotherbranchform/:id,StocktransferFormOtherbranchController
public/js/hims-states.js,app.stocktransfers,/StockTransfer,StockTransfersListController
public/js/hims-states.js,app.stocktransistreport,/stocktransistreport,stocktransistreportController
public/js/hims-states.js,app.storedashboard,/storedashboard,StoredashboardController
public/js/hims-states.js,app.storemasterreport,/storemasterreport,StoreMasterReportController
public/js/hims-states.js,app.storemasters,/storemasters,storeMastersListController
public/js/hims-states.js,app.storemastertab,/storemastertab/:id,storeMasterTabController
public/js/hims-states.js,app.storemastertab.storemaster,/storemaster/:id,storeMasterFormController
public/js/hims-states.js,app.storemastertab.storemasterapprovalmatrixlist,/storemasterapprovalmatrixlist,storemasterApprovalMatrixListController
public/js/hims-states.js,app.storemastertab.storemastersettings,/storemastersettings,storemasterSettingController
public/js/hims-states.js,app.storemastertab.storemasterstaffdiscounts,/storemasterstaffdiscounts,storemasterStaffDiscountListController
public/js/hims-states.js,app.storemastertab.storemasterusers,/storemasterusers,storemasterUserListController
public/js/hims-states.js,app.storemastertab.storepreference,/storepreference,StoreMasterPreferencesController
public/js/hims-states.js,app.storemastertab.storeracklist,/storeracklist,storerackListController
public/js/hims-states.js,app.storepharmacyadmindashboard,/storepharmacyadmindashboard,storepharmacyadmindashboardController
public/js/hims-states.js,app.storereports,/storereports,StoreReportController
public/js/hims-states.js,app.storereporttab,/storereports,StoreTabReportController
public/js/hims-states.js,app.storereporttab.generalstorereport,/generalstorereport,generalstorereportController
public/js/hims-states.js,app.storereporttab.masterreport,/masterreport,masterreportController
public/js/hims-states.js,app.storereporttab.purchasemanagementreport,/purchasemanagementreport,purchasemanagementreportController
public/js/hims-states.js,app.storereporttab.stackmanagementreport,/stackmanagementreport,stackmanagementreportController
public/js/hims-states.js,app.storereporttab.taxgstreport,/taxgstreport,taxgstreportController
public/js/hims-states.js,app.storeworklist,/storeworklist/:id,StocktransferFormController
public/js/hims-states.js,app.storeworklists,/storeworklists,StoreWorklistsController
public/js/hims-states.js,app.storeworklisttab,/storeworklisttab/:id,storeWorkListTabController
public/js/hims-states.js,app.storeworklisttab.stocktransfers,/stocktransfers,StockTransferlistsController
public/js/hims-states.js,app.storeworklisttab.storeworklists,/storeworklists,StoreWorklistsController
public/js/hims-states.js,app.successstoryform,/successstoryform,SuccessStoryFormController
public/js/hims-states.js,app.successstorylist,/successstorylist,SuccessStoryListController
public/js/hims-states.js,app.suppliermasterbybranch,/suppliermasterbybranch,vendorMastersByBranchListController
public/js/hims-states.js,app.suppliermasterbybranchform,/suppliermasterbybranchform,vendorMasterByBranchFormController
public/js/hims-states.js,app.suppliermasterreport,/suppliermasterreport,SupplierMasterReportController
public/js/hims-states.js,app.surgerycalendar,/surgerycalendar,surgeryCalendarController
public/js/hims-states.js,app.surgerycalendar,/surgeryschedulecalendar,surgeryschedulecalendarController
public/js/hims-states.js,app.surgeryconfirmation,/surgeryconfirmation/:id,SurgeryconfirmListController
public/js/hims-states.js,app.surgeryconfirmationform,surgeryconfirmationform/surgeryconfirmationform,SurgeryconfirmFormController
public/js/hims-states.js,app.surgerydashboard,/surgerydashboard/:id,SurgeryDashboardController
public/js/hims-states.js,app.surgerydoctorchedules,/surgerydoctorchedules,OtScheduleController
public/js/hims-states.js,app.surgeryentries,surgerymanagement/surgeryentrylist/,SurgeryEntryListController
public/js/hims-states.js,app.surgeryentry-form,surgerymanagement/surgeryentryform/,SurgeryEntryFormController
public/js/hims-states.js,app.surgeryentryreports,/surgeryentryreports,surgeryentryreportController
public/js/hims-states.js,app.surgeryorder-list,/surgeryorder,surgeryorderListController
public/js/hims-states.js,app.surgeryreports,/surgeryreports,surgeryreportsController
public/js/hims-states.js,app.surgeryroommaster,/surgeryroommaster/:id,surgeryroommasterController
public/js/hims-states.js,app.surgeryscheduleform,surgerymanagement/surgeryscheduleform,surgeryscheduleFormController
public/js/hims-states.js,app.surgeryschedules,surgerymanagement/surgeryschedule,surgeryscheduleListController
public/js/hims-states.js,app.surgerysummarybyanaesthetist,/surgerysummarybyanaesthetist,surgeryanaesthetistreportController
public/js/hims-states.js,app.surgerysummarybyprocedure,/surgerysummarybyprocedure,surgeryprocedurereportController
public/js/hims-states.js,app.surgerysummarybysurgeon,/surgerysummarybysurgeon,surgerysurgeonreportController
public/js/hims-states.js,app.systemmaster,/systemmaster,SystemMasterListController
public/js/hims-states.js,app.tally-purchase,/tallypurchasesalesgstreport,TallyPurchaseSalesReportController
public/js/hims-states.js,app.tally-purchasereturn,/tallypurchasereturn,TallyPurchaseReturnReportController
public/js/hims-states.js,app.tallycollectionreport,/tallycollectionreport,tallycollectionController
public/js/hims-states.js,app.tallyreporttab,/tallyreporttab,tallytabreportTabController
public/js/hims-states.js,app.tallyreporttab.ipreport,/ipreport,ipreportController
public/js/hims-states.js,app.tallyreporttab.opreport,/opreport,opreportController
public/js/hims-states.js,app.tallysalesreport,/tallysalesreport,tallysalesreportReportController
public/js/hims-states.js,app.tallysalesreturnreport,/tallysalesreturnreport,tallysalesreturnreportReportController
public/js/hims-states.js,app.taskmanagementlist,/taskmanagementlist,taskmanagementlistController
public/js/hims-states.js,app.templatemaster,/templatemaster/:id,templatemasterFormController
public/js/hims-states.js,app.templatemasters,/templatemasters,templateMasterListController
public/js/hims-states.js,app.templateparam,/templateparam/:id,templateparamFormController
public/js/hims-states.js,app.templateparams,/templateparams,templateparamsListController
public/js/hims-states.js,app.templatescreens,/templatescreens,templateScreenListController
public/js/hims-states.js,app.templatescreentab,"/templatescreentab/:id,Name",templatescreenTabController
public/js/hims-states.js,app.templatescreentab.templatescreen,/templatescreentab/:id,templatescreenFormController
public/js/hims-states.js,app.templatescreentab.templatescreenprintconfig,/templatescreentab templatescreenprintconfig,templatescreenTabController
public/js/hims-states.js,app.templatescreentab.templatescreensection,/app/templatescreensection/:Name,templatescreenSectionController
public/js/hims-states.js,app.templatescreentab.templatescreenusers,/templatescreenusers/:id,templatescreenuserListController
public/js/hims-states.js,app.templatescreenuser,/templatescreenusers/:id,templatescreenuserFormController
public/js/hims-states.js,app.templatetab,/app/templatetab,templatetabFormController
public/js/hims-states.js,app.templatetabs,/templatetabs,templateTabListController
public/js/hims-states.js,app.testmasterexcelupload,/testmasterexcelupload,TestMasterExceluploadController
public/js/hims-states.js,app.totalcall-list,/totalcall-list,totalcallListController
public/js/hims-states.js,app.transferredfilereceiveform,/transferredfilereceiveform,TransferredFileReceiveFormController
public/js/hims-states.js,app.transferredfilereceivelist,/transferredfilereceive,TransferredFileReceiveListController
public/js/hims-states.js,app.transferredfilereturns,/transferredfilereturns,TransferredFileReturnsListController
public/js/hims-states.js,app.transferredfilereturnsform,/transferredfilereturnsform,TransferredFileReturnsFormController
public/js/hims-states.js,app.transportrequest,/transportrequest/:id/:eid/:pid,transportRequestFormController
public/js/hims-states.js,app.transportrequests,/transportrequests,transportRequestListController
public/js/hims-states.js,app.treatmentplanbilling,/treatmentplanbilling/,TreatmentPlanBillingController
public/js/hims-states.js,app.treatmentplanfollowup,/treatmentplanfollowup,treatmentplanfollowupListController
public/js/hims-states.js,app.uae-billing-form,/uae-billing-form,uaebillingFormController
public/js/hims-states.js,app.uommaster,/uommaster,uomMasterFormController
public/js/hims-states.js,app.uommasters,/uommasters,uomMastersListController
public/js/hims-states.js,app.updateappapnmnts,/updateappapnmnts,UpdateappointmentsAppController
public/js/hims-states.js,app.updateexpiryprice,/updateexpiryprice/:id,UpdateExpiryPriceController
public/js/hims-states.js,app.userdoctormasterexcelupload,/userdoctormasterexcelupload,UserDoctorMasterExceluploadController
public/js/hims-states.js,app.userinfo,/userinfo,userinfoController
public/js/hims-states.js,app.usermasterreport,/usermasterreport,UserMasterReportController
public/js/hims-states.js,app.users,/users,userListController
public/js/hims-states.js,app.usertab,/usertab/:id,userTabController
public/js/hims-states.js,app.usertab.consultationservice,/consultationservice,userDefaultServiceListController
public/js/hims-states.js,app.usertab.general,/general,userFormController
public/js/hims-states.js,app.usertab.userfacilitymap,/userfacilitymap,userFacilityMapController
public/js/hims-states.js,app.usertab.userspecialitymap,/userspecialitymap,userSpecialityMapController
public/js/hims-states.js,app.usertab.usertaxdetail,/usertaxdetail,userTaxDetailFormController
public/js/hims-states.js,app.usertab.userteam,/userteam/:userteamid,userTeamFormController
public/js/hims-states.js,app.usertab.userteams,/userteams,userTeamListController
public/js/hims-states.js,app.usertab.usrdeptmap,/usrdeptmap,userDeptMapController
public/js/hims-states.js,app.userwisecollectionsummary,/userwisecollectionsummary,userwisecollectionsummaryController
public/js/hims-states.js,app.vendordetailreport,/vendordetailreport,VendorDetailReportController
public/js/hims-states.js,app.vendormasterexcelupload,/vendormasterexcelupload,VendorMasterExceluploadController
public/js/hims-states.js,app.vendormasters,/vendormasters,vendorMastersListController
public/js/hims-states.js,app.vendormastersgeneral,/vendormastersgeneral,generalvendorMastersListController
public/js/hims-states.js,app.vendormastertab,/vendormastertab/:id,vendorMasterTabController
public/js/hims-states.js,app.vendormastertab.vendormaster,/vendormaster/:id,vendorMasterFormController
public/js/hims-states.js,app.vendormastertab.vendormastercontact,/vendormastercontact/:vendorcontactid,vendormasterContactFormController
public/js/hims-states.js,app.vendormastertab.vendormastercontacts,/vendormastercontacts,vendormasterContactListController
public/js/hims-states.js,app.vendormastertab.vendormastererpmapping,/vendormastererpmapping/:vendorerpid,vendormasterERPMapFormController
public/js/hims-states.js,app.vendormastertab.vendormastererpmappings,/vendormastererpmappings,vendormasterERPMapListController
public/js/hims-states.js,app.vendormastertab.vendormasterfacilitymapping,/vendormasterfacilitymapping,vendormasterFacilityMapController
public/js/hims-states.js,app.vendormastertab.vendormastergst,/vendormastergst,vendorMasterGSTController
public/js/hims-states.js,app.vendormastertabgeneral,/vendormastertabgeneral/:id,generalvendorMasterTabController
public/js/hims-states.js,app.vendormastertabgeneral.vendormasterfacilitymappinggeneral,/vendormasterfacilitymappinggeneral,generalvendormasterFacilityMapController
public/js/hims-states.js,app.vendormastertabgeneral.vendormastergeneral,/vendormastergeneral/:id,generalvendorMasterFormController
public/js/hims-states.js,app.vendoroutstandingreport,/vendoroutstandingreport,vendoroutstandingreportController
public/js/hims-states.js,app.vendorpaymentlist,/vendorpaymentlist/:id,VendorPaymentListController
public/js/hims-states.js,app.vendorpayments,/vendorpayments/:id,VendorPaymentsController
public/js/hims-states.js,app.verifiedpatientfeedbacks,/patient-verifiedpatientfeedbacks,PatientFeedbackFormController
public/js/hims-states.js,app.videoconsultationpatientlist,/videoconsultationpatientlist,videoconsultationpatientlistController
public/js/hims-states.js,app.virtualacceptanceform,/virtualacceptanceform,VirtualAcceptanceFormController
public/js/hims-states.js,app.virtualcategory,/virtualcategory,VirtualCategorysListController
public/js/hims-states.js,app.virtualdashboard,/virtualdashboard,VirtualDashboardController
public/js/hims-states.js,app.virtualorderacceptance,/virtualorderacceptance/:tp,VirtualOrderacceptanceListController
public/js/hims-states.js,app.virtualorderbilling,/virtualorderbilling/:tp,virtualOrderBillingController
public/js/hims-states.js,app.virtualpatienttrackertab,/virtualpatienttrackertab,appointmenttrackertabController
public/js/hims-states.js,app.virtualpatienttrackertab.virtualcompleteorder,/virtualpatienttrackertab/completeorder,completeorderController
public/js/hims-states.js,app.virtualpatienttrackertab.virtualpendingorder,/virtualpatienttrackertab/virtualpendingorder,pendingorderController
public/js/hims-states.js,app.virtualpendingbills,/virtualpendingbills/:tp,virtualpendingbillsListController
public/js/hims-states.js,app.virtualserviceitems,/virtualserviceitems,VirtualserviceListController
public/js/hims-states.js,app.virtualsubcategory,/virtualsubcategory,VirtualSubCategorysListController
public/js/hims-states.js,app.virtualtab,/virtualservicetab,VirtualServiceTabController
public/js/hims-states.js,app.virtualtab.ratedetails,/ratedetails,VirtualServiceRateController
public/js/hims-states.js,app.virtualtab.virtualserviceform,/virtualserviceform,VirtualServiceFormController
public/js/hims-states.js,app.vitals,/vitals,vitalListController
public/js/hims-states.js,app.volumeglance,/volumeglance,volumeGlanceController
public/js/hims-states.js,app.ward,/ward,wardmasterListController
public/js/hims-states.js,app.wardandbedlistreport,/wardandbedlistreport,wardandbedlistController
public/js/hims-states.js,app.warddisplay,/warddisplay,wardboardController
public/js/hims-states.js,app.wardtab,/ward/:id,wardmasterTabController
public/js/hims-states.js,app.wardtab.detail,/detail,wardmasterdetailFormController
public/js/hims-states.js,app.wardtab.insurancetariff,/insurancetariff,WardInsuranceTariffController
public/js/hims-states.js,app.wardtab.room,/room,wardmasterroomFormController
public/js/hims-states.js,app.wardtab.user,/association,wardmasteruserFormController
public/js/hims-states.js,page,/page,
public/js/hims-states.js,page.appinfo,/appinfo,appInfoController
public/js/hims-states.js,page.login,/login,
public/js/hims-states.js,page.qrcodescanner,/qrcodescanner/:id,QrcodeScannerController
public/js/hims-states.js,patientportal,/patientportal,
public/js/hims-states.js,patientportal.alerts,/alerts,alertsController
public/js/hims-states.js,patientportal.appointmentrequest-list,/appointmentrequests,appointmentRequestListController
public/js/hims-states.js,patientportal.appointmentrequestform,/appointmentrequests/:id,appointmentRequestFormController
public/js/hims-states.js,patientportal.appointments,/appointments,appointmentsController
public/js/hims-states.js,patientportal.billing,/billing,billingController
public/js/hims-states.js,patientportal.bookvirtualappointment,/bookvirtualappointment,BookVirtualAppointmentController
public/js/hims-states.js,patientportal.clinicalresults,/clinicalresults,clinicalresultsController
public/js/hims-states.js,patientportal.consultations,/consultations,consultationsController
public/js/hims-states.js,patientportal.dashboard,/dashboard,dashboardController
public/js/hims-states.js,patientportal.dischargesummary,/dischargesummary,dischargesummaryController
public/js/hims-states.js,patientportal.dischargesummaryform,/dischargesummaryform/:id/:eid:/:pid,dischargesummaryFormController
public/js/hims-states.js,patientportal.docappointment,/appointment/:tp,portalappointmentsController
public/js/hims-states.js,patientportal.doctorappointment,/doctorappointment/:tp,doctorappointmentController
public/js/hims-states.js,patientportal.doctorconfirmorder,/doctorconfirmorder,doctorconfirmorderController
public/js/hims-states.js,patientportal.document,/document,documentController
public/js/hims-states.js,patientportal.ehealth,/ehealth,ehealthSummaryController
public/js/hims-states.js,patientportal.growthchart,/growthchart,growthChartController
public/js/hims-states.js,patientportal.homeaddressdetails,/homeaddressdetails,HomeaddressDetailsController
public/js/hims-states.js,patientportal.immunization,/immunization/:id/:eid:/:pid,patientImmunizationScheduleController
public/js/hims-states.js,patientportal.ipdashboard,/ipdashboard,portalipDashboardController
public/js/hims-states.js,patientportal.laborders,/laborders,labordersController
public/js/hims-states.js,patientportal.labresults,/labresults,patientLabResultController
public/js/hims-states.js,patientportal.medcinie-order,/medcinie-order,MedicineUploadController
public/js/hims-states.js,patientportal.medicalhistory,/medicalhistory/:tp,healthhistorycordController
public/js/hims-states.js,patientportal.medicineordertab,/medicineordertab,MedicineOrdeTabController
public/js/hims-states.js,patientportal.medicineordertab.deliveryaddress,/medicineordertab.deliveryaddress,DelivaryAddressController
public/js/hims-states.js,patientportal.medicineordertab.orderreview,/medicineordertab.orderreview,OrderReviewController
public/js/hims-states.js,patientportal.medicineordertab.prescriptionupload,/medicineordertab.prescriptionupload,PrescriptionUploadController
public/js/hims-states.js,patientportal.medicineordertab.selectpharmacy,/medicineordertab.selectpharmacy,SelectPharmacyController
public/js/hims-states.js,patientportal.messages,/messages,messagesController
public/js/hims-states.js,patientportal.otdetails,/otdetail/:id/:eid:/:pid,otdetailsController
public/js/hims-states.js,patientportal.otherpersondetails,/otherpersondetails,OtherPersonDetailsController
public/js/hims-states.js,patientportal.otregister,/otregister,otregisterController
public/js/hims-states.js,patientportal.patientdashboard,/patientdashboard,patientdashboardController
public/js/hims-states.js,patientportal.patientlabresultview,/labresultview,patientlabResultViewController
public/js/hims-states.js,patientportal.patientportal,/patientportal/:tp,patientPortalDashboardController
public/js/hims-states.js,patientportal.payment,/payments,paymentsController
public/js/hims-states.js,patientportal.portalconfirmorder,/portalconfirmorder/:tp,portalconfirmorderController
public/js/hims-states.js,patientportal.portaldashboard,/portaldashboard/:tp,PortalDashboardController
public/js/hims-states.js,patientportal.portalmyhealthrecord,/myhealthrecord/:tp,portalmyhealthrecordController
public/js/hims-states.js,patientportal.portalordertrackingtab,/portalordertrackingtab/:tp,portalordertrackingtabController
public/js/hims-states.js,patientportal.portalordertrackingtab.portalcompleteorder,/portalcompleteorder/:tp,portalcompleteorderController
public/js/hims-states.js,patientportal.portalordertrackingtab.portalpendingorder,/portalpendingorder/:tp,portalpendingorderController
public/js/hims-states.js,patientportal.portalradiologylistview,/portalradiologylistview,patientRadiologyListController
public/js/hims-states.js,patientportal.portalresultlistview,/portalresultlistview,portalResultlistController
public/js/hims-states.js,patientportal.prescription,/prescription,prescriptionController
public/js/hims-states.js,patientportal.radiologyresults,/radiologyresults,patientRadiologyResultController
public/js/hims-states.js,patientportal.selectlabfacility,/selectlabfacility,SelectLabFacilityController
public/js/hims-states.js,patientportal.slotselection,/slotselection,SlotSelectionController
public/js/hims-states.js,patientportal.successstory,/successstory,PatientSuccessStoryController
public/js/hims-states.js,patientportal.surgeryrequest,/surgeryrequest,surgeryrequestController
public/js/hims-states.js,patientportal.videoconference,/videoconference/:tp,portalvedioController
public/js/hims-states.js,patientportal.virtualdoctorselection,/virtualdoctorselection,VirtualDoctorSelectionController
public/js/hims-states.js,patientportal.virtualhealthcare,/virtualhealthcare/:tp,virtualhealthcareDashboardController
public/js/hims-states.js,patientportal.virtuallabresults,/virtuallabresults/:tp,virtuallabresultsController
public/js/hims-states.js,patientportal.virtualserviceconfirmorder,/virtualserviceconfirmorder,VirtualServiceConfirmOrderController
public/js/hims-states.js,patientportal.virtualserviceschedule,/virtualserviceschedule,VirtualServiceScheduleController
public/js/hims-states.js,patientportal.virtualserviceselection,/virtualserviceselection,VirtualServiceSelectionController
public/js/hims-states.js,patientportal.virtualsubcategoryselection,/virtualsubcategoryselection,VirtualSubcategorySelectController
public/js/hims-states.js,self,/self,
public/js/hims-states.js,self.forgotverification,/forgotverification,ForgotVerifyController
public/js/hims-states.js,self.labprintcertificate,labprintcertificate/:id,LabCertificateController
public/js/hims-states.js,self.otpverify,/otpverify,OtpVerifyController
public/js/hims-states.js,self.patientsignup,/patientsignup,PatientSignupController
public/js/hims-states.js,self.selfnewregistration,/selfnewregistration,PatientServicesNewRegController
public/js/hims-states.js,self.updatepatientsignup,/updatepatientsignup,UpdatePatientSignupController
public/js/hims-states.js,self.verifypasswordchange,/verifypasswordchange,PasswordChangeController
public/js/hims-states.js,surgeryentry,/surgeryentry,
public/js/hims-states.js,surgeryentry.anaesthesianotes,anaesthesianotes/:id,AnaesthesiaNoteconsultationController
public/js/hims-states.js,surgeryentry.billservices,surgerymanagement/billservices/,SurgeryBillingdetailsController
public/js/hims-states.js,surgeryentry.clinicaldocumenttab,/clinicaldocumenttab,ClinicalDocumentTabController
public/js/hims-states.js,surgeryentry.clinicaldocumenttab.clinicaldocumentcurrentlist,/clinicaldocumenttab/clinicaldocumentcurrentlist/,ClinicalDocumentCurrentListController
public/js/hims-states.js,surgeryentry.clinicaldocumenttab.clinicaldocumentpreviouslist,/clinicaldocumenttab/clinicaldocumentpreviouslist,ClinicalDocumentPreviousListController
public/js/hims-states.js,surgeryentry.diagnosistab,/diagnosistab/,PatientDiagnosisTabController
public/js/hims-states.js,surgeryentry.diagnosistab.diagnosishistory,/diagnosishistory/,PreDiagnosisHistoryController
public/js/hims-states.js,surgeryentry.diagnosistab.favoritediagnosis,/favoritediagnosis/,FavoriteDiagnosisController
public/js/hims-states.js,surgeryentry.diagnosistab.patientdiagnosiscurrentlist,/patientdiagnosiscurrentlist/,patientDiagnosisListController
public/js/hims-states.js,surgeryentry.equipments,/surgeryentry.equipments,MedicalEquipmentController
public/js/hims-states.js,surgeryentry.labresults,/labresults,labResultListController
public/js/hims-states.js,surgeryentry.materialissue,/materialissue/:id,materialIssueFormController
public/js/hims-states.js,surgeryentry.materialissues,/surgeryentrymaterialissues,materialIssueListController
public/js/hims-states.js,surgeryentry.materialreturn,/materialreturn/:id,materialReturnFormController
public/js/hims-states.js,surgeryentry.materialreturns,/materialreturns,materialReturnListController
public/js/hims-states.js,surgeryentry.medicinereturn,/medicinereturn,PatientReturnFormController
public/js/hims-states.js,surgeryentry.medicinereturns,/medicinereturn,PatientReturnsListController
public/js/hims-states.js,surgeryentry.otschedulereport,/otschedulereport,otschedulereportController
public/js/hims-states.js,surgeryentry.patientdietorderform,/surgeryentrypatientdietorderform/:pid/:id,patientDietOrderFormController
public/js/hims-states.js,surgeryentry.patientdietorders,/surgeryentrypatientdietorders,patientDietOrderListController
public/js/hims-states.js,surgeryentry.patientindent,/patientindent,patientIndentListController
public/js/hims-states.js,surgeryentry.patientindentform,/patientindentform/:id,patientIndentFormController
public/js/hims-states.js,surgeryentry.patientvitaltab,/patientvitaltab,PatientVitalTabController
public/js/hims-states.js,surgeryentry.patientvitaltab.patientvital,/patientvitaltab/patientvital/:pid/:id,patientVitalFormController
public/js/hims-states.js,surgeryentry.patientvitaltab.patientvitalchart,/patientvitaltab/patientvitalchart/,patientVitalChartviewController
public/js/hims-states.js,surgeryentry.patientvitaltab.patientvitals,/patientvitaltab/patientvitals/,patientVitalListController
public/js/hims-states.js,surgeryentry.patientvitaltab.previousvitals,/patientvitaltab/previousvitals/,PreviousVitalController
public/js/hims-states.js,surgeryentry.pmhxdashboard,/pmhxdashboard,pmhxDashboardController
public/js/hims-states.js,surgeryentry.prescribetab,/prescribetab/,PrescribeTabController
public/js/hims-states.js,surgeryentry.prescribetab.currentprescription,/prescribetab/currentprescription/,CurrentPrescriptionController
public/js/hims-states.js,surgeryentry.prescribetab.favprecriptions,prescribetab/favprecriptions/,PrescriptionFavController
public/js/hims-states.js,surgeryentry.prescribetab.pastprescription,/prescribetab/pastprescription/,PastPrescriptionController
public/js/hims-states.js,surgeryentry.prescribetab.rxprescriptions,/prescribetab/rxprescriptions/,PrescriptionRxController
public/js/hims-states.js,surgeryentry.radiologyresults,/radiologyresults,radiologyResultListController
public/js/hims-states.js,surgeryentry.sugerypatientrecords,surgerymanagement/sugerypatientrecords/,SurgeryEntrypatientrecordsController
public/js/hims-states.js,surgeryentry.surgeryclinicalorders,surgerymanagement/surgeryclinicalorders/,SurgeryEntryClinicalOrdersController
public/js/hims-states.js,surgeryentry.surgeryentryreports,/surgeryentryreports,surgeryentryreportController
public/js/hims-states.js,surgeryentry.surgeryentrysummary,surgerymanagement/surgeryentrysummary/,SurgeryEntrySidebarController
public/js/hims-states.js,surgeryentry.surgeryfavorders,surgerymanagement/surgeryfavorders/,SurgeryEntryClinicalOrdersController
public/js/hims-states.js,surgeryentry.surgerynotes,surgerynotes/:id,SurgeryNoteconsultationController
public/js/linenandlaundry-states.js,app.dhobiissuebookform,/dhobiissuebookform,DhobiIssueBookFormController
public/js/linenandlaundry-states.js,app.dhobiissuebooklist,/dhobiissuebook,DhobiIssueBookListController
public/js/linenandlaundry-states.js,app.dhobireceipt,/dhobireceipt,DhobiReceiptListController
public/js/linenandlaundry-states.js,app.dhobireceiptform,/dhobireceiptform,DhobiReceiptFormController
public/js/linenandlaundry-states.js,app.linendashboard,/linendashboard,LinenDashboardController
public/js/linenandlaundry-states.js,app.linenitemmasterlist,/linenitemmaster,LinenItemMasterListController
public/js/linenandlaundry-states.js,app.linenstockentry,/linenstockentry,LinenStockEntryListController
public/js/linenandlaundry-states.js,app.linenstockentryform,/linenstockentryform,LinenStockEntryFormController
public/js/linenandlaundry-states.js,app.linenstockstatus,/linenstockstatus,LinenStockStatusController
public/js/lis-states.js,app.analysertestmapping,/analysertestmapping,AnalyserTestMappingListController
public/js/lis-states.js,app.analytemasters,/analytemasters,analyteMasterListController
public/js/lis-states.js,app.analytetab,/analytetab/:id,analyteTabController
public/js/lis-states.js,app.analytetab.analysertemplate,/analysertemplate,AnalyserNormalTemplateListController
public/js/lis-states.js,app.analytetab.analysertestmapping,/analysertestmapping,AnalyserTestMappingListController
public/js/lis-states.js,app.analytetab.analytealiasesmaster,/analytealiasesmaster/:aliasid,analytealiasesMasterFormController
public/js/lis-states.js,app.analytetab.analytealiasesmasters,/analytealiasesmasters,analytealiasesmastersListController
public/js/lis-states.js,app.analytetab.analytemaster,/analytemaster/:id,analyteMasterFormController
public/js/lis-states.js,app.analytetab.analyterefmaster,/analyterefmaster/:refid,analyterefMasterFormController
public/js/lis-states.js,app.analytetab.analyterefmasters,/analyterefmasters,analyterefmastersListController
public/js/lis-states.js,app.analyzertestmaster,/analyzertestmaster,analyzertestmasterListController
public/js/lis-states.js,app.antibioticmasters,/antibioticmasters,AntibioticListController
public/js/lis-states.js,app.b2bcustomerlist,/b2bcustomerlist,B2BCustomerListController
public/js/lis-states.js,app.b2bcustomertab,/b2bcustomertab/:id,B2BCustomerTabController
public/js/lis-states.js,app.b2bcustomertab.b2bcustomerform,/b2bcustomerform,B2BCustomerFormController
public/js/lis-states.js,app.containertype,/containertype/:id,containertypeFormController
public/js/lis-states.js,app.containertypes,/containertypes,containerTypesListController
public/js/lis-states.js,app.externalprovider,/externalprovider,externalProviderListController
public/js/lis-states.js,app.externalprovidersform,/externalprovidersform/:id,externalprovidersformController
public/js/lis-states.js,app.externalproviderslist,/externalproviderslist,externalProviderslistController
public/js/lis-states.js,app.externalprovidertab,/externalprovidertab/:id,externalProviderTabController
public/js/lis-states.js,app.externalprovidertab.externalproviders,/externalproviders,externalProviderFormController
public/js/lis-states.js,app.externalprovidertab.pricemapping,/pricemapping,priceMappingListController
public/js/lis-states.js,app.externalprovidertab.pricemappings,/pricemappings/:externalproviderpriceid,pricemappingFormController
public/js/lis-states.js,app.investigationsettings,/investigationsettings,investigationSettingsController
public/js/lis-states.js,app.lisinterface,/lisinterface/,lisInterfaceListController
public/js/lis-states.js,app.lisinterfaceresult,/lisinterfaceresult/:id,lisInterfaceResultController
public/js/lis-states.js,app.orderacknowledgelist,/orderacknowledgelist/,orderacknowledgelistController
public/js/lis-states.js,app.orderassignmentlist,/orderassignmentlist/,orderassignmentlistController
public/js/lis-states.js,app.orderdetaillist,/orderdetaillist/:encorderid,orderdetaillistController
public/js/lis-states.js,app.orderprocesslist,/orderprocesslist/,orderprocesslistController
public/js/lis-states.js,app.organismsisolations,/organismisolations:/,OrganismIsolatedListController
public/js/lis-states.js,app.organismtab,/organismtab,organismTabController
public/js/lis-states.js,app.organismtab.antibioticorganismmap,/antibioticorganismmap,AntibioticOrganismMapController
public/js/lis-states.js,app.organismtab.orgisolted-form,/organismform,OrgIsolatedFormController
public/js/lis-states.js,app.otherorderacknowledgelist,/otherorderacknowledgelist/,orderacknowledgelistController
public/js/lis-states.js,app.otherorderassignmentlist,/otherorderassignmentlist/,orderassignmentlistController
public/js/lis-states.js,app.otherorderprocesslist,/otherorderprocesslist/,orderprocesslistController
public/js/lis-states.js,app.otherresultapprovallist,/otherresultapprovallist/,resultapprovallistController
public/js/lis-states.js,app.otherresultdispatchlist,/otherresultdispatchlist/,resultdispatchlistController
public/js/lis-states.js,app.patientorderstatus,/patientorderstatus/:encorderid,patientorderstatusController
public/js/lis-states.js,app.radioorderacknowledgelist,/radioorderacknowledgelist/,orderacknowledgelistController
public/js/lis-states.js,app.radioorderassignmentlist,/radioorderassignmentlist/,orderassignmentlistController
public/js/lis-states.js,app.radioorderprocesslist,/radioorderprocesslist/,orderprocesslistController
public/js/lis-states.js,app.radioresultapprovallist,/radioresultapprovallist/,resultapprovallistController
public/js/lis-states.js,app.radioresultdispatchlist,/radioresultdispatchlist/,resultdispatchlistController
public/js/lis-states.js,app.resultapprovallist,/resultapprovallist/,resultapprovallistController
public/js/lis-states.js,app.resultdispatchlist,/resultdispatchlist/,resultdispatchlistController
public/js/lis-states.js,app.samplecollectlist,/samplecollectlist/,samplecollectlistController
public/js/lis-states.js,app.samplereviewlist,/samplereviewlist/,samplereviewlistController
public/js/lis-states.js,app.sampletype,/sampletype/:id,sampleTypeFormController
public/js/lis-states.js,app.sampletypes,/sampletypes,sampleTypesListController
public/js/lis-states.js,app.testmasters,/testmasters,testMastersListController
public/js/lis-states.js,app.testmastertab,/testmastertab/:id,testmasterTabController
public/js/lis-states.js,app.testmastertab.testbommasters,/testbommasters/:tstbomid,testBOMFormController
public/js/lis-states.js,app.testmastertab.testdiagnosismapping,/testdiagnosismapping/:tstdiagnosisid,testmasterDiagnosisMapFormController
public/js/lis-states.js,app.testmastertab.testdiagnosismappings,/testdiagnosismappings,testmasterDianosisMapsListController
public/js/lis-states.js,app.testmastertab.testinstructionmasters,/testinstructionmasters/:tstinstcid,testInstcMasterFormController
public/js/lis-states.js,app.testmastertab.testmaster,/testmaster,testMasterFormController
public/js/lis-states.js,app.testmastertab.testmasteranalytemap,/testmasteranalytemap/:tstanalyteid,testmasterAnalyteMapFormController
public/js/lis-states.js,app.testmastertab.testmasteranalytemaps,/testmasteranalytemaps,testmasterAnalyteMapsListController
public/js/lis-states.js,app.testmastertab.testmasterfacilitymap,/testmasterfacilitymap,testmasterFacilityMapController
public/js/lis-states.js,app.testmastertab.testtemplatemasters,/testtemplatemasters,testTemplateMastersFormController
public/js/patientportal-states.js,patientemr_positionbpchart,/positionbpchart,PositionBpChartController
public/js/patientportal-states.js,patientportal.alerts,/alerts,alertsController
public/js/patientportal-states.js,patientportal.appointmentrequest-list,/appointmentrequests,appointmentRequestListController
public/js/patientportal-states.js,patientportal.appointmentrequestform,/appointmentrequests/:id,appointmentRequestFormController
public/js/patientportal-states.js,patientportal.appointments,/appointments,appointmentsController
public/js/patientportal-states.js,patientportal.billing,/billing,billingController
public/js/patientportal-states.js,patientportal.bookvirtualappointment,/bookvirtualappointment,BookVirtualAppointmentController
public/js/patientportal-states.js,patientportal.clinicalresults,/clinicalresults,clinicalresultsController
public/js/patientportal-states.js,patientportal.consultations,/consultations,consultationsController
public/js/patientportal-states.js,patientportal.dashboard,/dashboard,dashboardController
public/js/patientportal-states.js,patientportal.dischargesummary,/dischargesummary,dischargesummaryController
public/js/patientportal-states.js,patientportal.dischargesummaryform,/dischargesummaryform/:id/:eid:/:pid,dischargesummaryFormController
public/js/patientportal-states.js,patientportal.docappointment,/appointment/:tp,portalappointmentsController
public/js/patientportal-states.js,patientportal.doctorappointment,/doctorappointment/:tp,doctorappointmentController
public/js/patientportal-states.js,patientportal.doctorconfirmorder,/doctorconfirmorder,doctorconfirmorderController
public/js/patientportal-states.js,patientportal.document,/document,documentController
public/js/patientportal-states.js,patientportal.ehealth,/ehealth,ehealthSummaryController
public/js/patientportal-states.js,patientportal.growthchart,/growthchart,growthChartController
public/js/patientportal-states.js,patientportal.immunization,/immunization/:id/:eid:/:pid,patientImmunizationScheduleController
public/js/patientportal-states.js,patientportal.ipdashboard,/ipdashboard,portalipDashboardController
public/js/patientportal-states.js,patientportal.labresults,/labresults,patientLabResultController
public/js/patientportal-states.js,patientportal.medicalhistory,/medicalhistory/:tp,healthhistorycordController
public/js/patientportal-states.js,patientportal.messages,/messages,messagesController
public/js/patientportal-states.js,patientportal.otdetails,/otdetail/:id/:eid:/:pid,otdetailsController
public/js/patientportal-states.js,patientportal.otregister,/otregister,otregisterController
public/js/patientportal-states.js,patientportal.patientdashboard,/patientdashboard,patientdashboardController
public/js/patientportal-states.js,patientportal.patientlabresultview,/labresultview,patientlabResultViewController
public/js/patientportal-states.js,patientportal.patientportal,/patientportal/:tp,patientPortalDashboardController
public/js/patientportal-states.js,patientportal.payment,/payments,paymentsController
public/js/patientportal-states.js,patientportal.portalconfirmorder,/portalconfirmorder/:tp,portalconfirmorderController
public/js/patientportal-states.js,patientportal.portaldashboard,/portaldashboard/:tp,PortalDashboardController
public/js/patientportal-states.js,patientportal.portalmyhealthrecord,/myhealthrecord/:tp,portalmyhealthrecordController
public/js/patientportal-states.js,patientportal.portalordertrackingtab,/portalordertrackingtab/:tp,portalordertrackingtabController
public/js/patientportal-states.js,patientportal.portalordertrackingtab.portalcompleteorder,/portalcompleteorder/:tp,portalcompleteorderController
public/js/patientportal-states.js,patientportal.portalordertrackingtab.portalpendingorder,/portalpendingorder/:tp,portalpendingorderController
public/js/patientportal-states.js,patientportal.portalradiologylistview,/portalradiologylistview,patientRadiologyListController
public/js/patientportal-states.js,patientportal.portalresultlistview,/portalresultlistview,portalResultlistController
public/js/patientportal-states.js,patientportal.prescription,/prescription,prescriptionController
public/js/patientportal-states.js,patientportal.radiologyresults,/radiologyresults,patientRadiologyResultController
public/js/patientportal-states.js,patientportal.surgeryrequest,/surgeryrequest,surgeryrequestController
public/js/patientportal-states.js,patientportal.videoconference,/videoconference/:tp,portalvedioController
public/js/patientportal-states.js,patientportal.virtualdoctorselection,/virtualdoctorselection,VirtualDoctorSelectionController
public/js/patientportal-states.js,patientportal.virtualhealthcare,/virtualhealthcare/:tp,virtualhealthcareDashboardController
public/js/patientportal-states.js,patientportal.virtualserviceconfirmorder,/virtualserviceconfirmorder,VirtualServiceConfirmOrderController
public/js/patientportal-states.js,patientportal.virtualserviceschedule,/virtualserviceschedule,VirtualServiceScheduleController
public/js/patientportal-states.js,patientportal.virtualserviceselection,/virtualserviceselection,VirtualServiceSelectionController
public/js/patientportal-states.js,patientportal.virtualsubcategoryselection,/virtualsubcategoryselection,VirtualSubcategorySelectController
